id,name,base_experience,height,weight,bmi,order,slot1,slot2,sprite
1,Bulbasaur,64,0.7,6.9,14.081632653061227,1,grass,poison,https://raw.githubusercontent.com/PokeAPI/sprites/master/sprites/pokemon/1.png
2,Ivysaur,142,1.0,13.0,13.0,2,grass,poison,https://raw.githubusercontent.com/PokeAPI/sprites/master/sprites/pokemon/2.png
3,Venusaur,263,2.0,100.0,25.0,3,grass,poison,https://raw.githubusercontent.com/PokeAPI/sprites/master/sprites/pokemon/3.png
4,Charmander,62,0.6,8.5,23.61111111111111,5,fire,,https://raw.githubusercontent.com/PokeAPI/sprites/master/sprites/pokemon/4.png
5,Charmeleon,142,1.1,19.0,15.702479338842974,6,fire,,https://raw.githubusercontent.com/PokeAPI/sprites/master/sprites/pokemon/5.png
6,Charizard,267,1.7,90.5,31.314878892733567,7,fire,flying,https://raw.githubusercontent.com/PokeAPI/sprites/master/sprites/pokemon/6.png
7,Squirtle,63,0.5,9.0,36.0,10,water,,https://raw.githubusercontent.com/PokeAPI/sprites/master/sprites/pokemon/7.png
8,Wartortle,142,1.0,22.5,22.5,11,water,,https://raw.githubusercontent.com/PokeAPI/sprites/master/sprites/pokemon/8.png
9,Blastoise,265,1.6,85.5,33.39843749999999,12,water,,https://raw.githubusercontent.com/PokeAPI/sprites/master/sprites/pokemon/9.png
10,Caterpie,39,0.3,2.9,32.22222222222222,14,bug,,https://raw.githubusercontent.com/PokeAPI/sprites/master/sprites/pokemon/10.png
11,Metapod,72,0.7,9.9,20.204081632653065,15,bug,,https://raw.githubusercontent.com/PokeAPI/sprites/master/sprites/pokemon/11.png
12,Butterfree,198,1.1,32.0,26.446280991735534,16,bug,flying,https://raw.githubusercontent.com/PokeAPI/sprites/master/sprites/pokemon/12.png
13,Weedle,39,0.3,3.2,35.55555555555556,17,bug,poison,https://raw.githubusercontent.com/PokeAPI/sprites/master/sprites/pokemon/13.png
14,Kakuna,72,0.6,10.0,27.77777777777778,18,bug,poison,https://raw.githubusercontent.com/PokeAPI/sprites/master/sprites/pokemon/14.png
15,Beedrill,178,1.0,29.5,29.5,19,bug,poison,https://raw.githubusercontent.com/PokeAPI/sprites/master/sprites/pokemon/15.png
16,Pidgey,50,0.3,1.8,20.0,21,normal,flying,https://raw.githubusercontent.com/PokeAPI/sprites/master/sprites/pokemon/16.png
17,Pidgeotto,122,1.1,30.0,24.793388429752063,22,normal,flying,https://raw.githubusercontent.com/PokeAPI/sprites/master/sprites/pokemon/17.png
18,Pidgeot,216,1.5,39.5,17.555555555555557,23,normal,flying,https://raw.githubusercontent.com/PokeAPI/sprites/master/sprites/pokemon/18.png
19,Rattata,51,0.3,3.5,38.88888888888889,25,normal,,https://raw.githubusercontent.com/PokeAPI/sprites/master/sprites/pokemon/19.png
20,Raticate,145,0.7,18.5,37.75510204081633,27,normal,,https://raw.githubusercontent.com/PokeAPI/sprites/master/sprites/pokemon/20.png
21,Spearow,52,0.3,2.0,22.22222222222222,30,normal,flying,https://raw.githubusercontent.com/PokeAPI/sprites/master/sprites/pokemon/21.png
22,Fearow,155,1.2,38.0,26.38888888888889,31,normal,flying,https://raw.githubusercontent.com/PokeAPI/sprites/master/sprites/pokemon/22.png
23,Ekans,58,2.0,6.9,1.725,32,poison,,https://raw.githubusercontent.com/PokeAPI/sprites/master/sprites/pokemon/23.png
24,Arbok,157,3.5,65.0,5.3061224489795915,33,poison,,https://raw.githubusercontent.com/PokeAPI/sprites/master/sprites/pokemon/24.png
25,Pikachu,112,0.4,6.0,37.49999999999999,35,electric,,https://raw.githubusercontent.com/PokeAPI/sprites/master/sprites/pokemon/25.png
26,Raichu,243,0.8,30.0,46.87499999999999,51,electric,,https://raw.githubusercontent.com/PokeAPI/sprites/master/sprites/pokemon/26.png
27,Sandshrew,60,0.6,12.0,33.333333333333336,53,ground,,https://raw.githubusercontent.com/PokeAPI/sprites/master/sprites/pokemon/27.png
28,Sandslash,158,1.0,29.5,29.5,55,ground,,https://raw.githubusercontent.com/PokeAPI/sprites/master/sprites/pokemon/28.png
29,Nidoran-f,55,0.4,7.0,43.74999999999999,57,poison,,https://raw.githubusercontent.com/PokeAPI/sprites/master/sprites/pokemon/29.png
30,Nidorina,128,0.8,20.0,31.249999999999993,58,poison,,https://raw.githubusercontent.com/PokeAPI/sprites/master/sprites/pokemon/30.png
31,Nidoqueen,253,1.3,60.0,35.50295857988165,59,poison,ground,https://raw.githubusercontent.com/PokeAPI/sprites/master/sprites/pokemon/31.png
32,Nidoran-m,55,0.5,9.0,36.0,60,poison,,https://raw.githubusercontent.com/PokeAPI/sprites/master/sprites/pokemon/32.png
33,Nidorino,128,0.9,19.5,24.074074074074073,61,poison,,https://raw.githubusercontent.com/PokeAPI/sprites/master/sprites/pokemon/33.png
34,Nidoking,253,1.4,62.0,31.632653061224495,62,poison,ground,https://raw.githubusercontent.com/PokeAPI/sprites/master/sprites/pokemon/34.png
35,Clefairy,113,0.6,7.5,20.833333333333336,64,fairy,,https://raw.githubusercontent.com/PokeAPI/sprites/master/sprites/pokemon/35.png
36,Clefable,242,1.3,40.0,23.668639053254434,65,fairy,,https://raw.githubusercontent.com/PokeAPI/sprites/master/sprites/pokemon/36.png
37,Vulpix,60,0.6,9.9,27.500000000000004,66,fire,,https://raw.githubusercontent.com/PokeAPI/sprites/master/sprites/pokemon/37.png
38,Ninetales,177,1.1,19.9,16.446280991735534,68,fire,,https://raw.githubusercontent.com/PokeAPI/sprites/master/sprites/pokemon/38.png
39,Jigglypuff,95,0.5,5.5,22.0,71,normal,fairy,https://raw.githubusercontent.com/PokeAPI/sprites/master/sprites/pokemon/39.png
40,Wigglytuff,218,1.0,12.0,12.0,72,normal,fairy,https://raw.githubusercontent.com/PokeAPI/sprites/master/sprites/pokemon/40.png
41,Zubat,49,0.8,7.5,11.718749999999998,73,poison,flying,https://raw.githubusercontent.com/PokeAPI/sprites/master/sprites/pokemon/41.png
42,Golbat,159,1.6,55.0,21.484374999999996,74,poison,flying,https://raw.githubusercontent.com/PokeAPI/sprites/master/sprites/pokemon/42.png
43,Oddish,64,0.5,5.4,21.6,76,grass,poison,https://raw.githubusercontent.com/PokeAPI/sprites/master/sprites/pokemon/43.png
44,Gloom,138,0.8,8.6,13.437499999999996,77,grass,poison,https://raw.githubusercontent.com/PokeAPI/sprites/master/sprites/pokemon/44.png
45,Vileplume,245,1.2,18.6,12.916666666666668,78,grass,poison,https://raw.githubusercontent.com/PokeAPI/sprites/master/sprites/pokemon/45.png
46,Paras,57,0.3,5.4,60.00000000000001,80,bug,grass,https://raw.githubusercontent.com/PokeAPI/sprites/master/sprites/pokemon/46.png
47,Parasect,142,1.0,29.5,29.5,81,bug,grass,https://raw.githubusercontent.com/PokeAPI/sprites/master/sprites/pokemon/47.png
48,Venonat,61,1.0,30.0,30.0,82,bug,poison,https://raw.githubusercontent.com/PokeAPI/sprites/master/sprites/pokemon/48.png
49,Venomoth,158,1.5,12.5,5.555555555555555,83,bug,poison,https://raw.githubusercontent.com/PokeAPI/sprites/master/sprites/pokemon/49.png
50,Diglett,53,0.2,0.8,19.999999999999996,84,ground,,https://raw.githubusercontent.com/PokeAPI/sprites/master/sprites/pokemon/50.png
51,Dugtrio,149,0.7,33.3,67.9591836734694,86,ground,,https://raw.githubusercontent.com/PokeAPI/sprites/master/sprites/pokemon/51.png
52,Meowth,58,0.4,4.2,26.249999999999996,88,normal,,https://raw.githubusercontent.com/PokeAPI/sprites/master/sprites/pokemon/52.png
53,Persian,154,1.0,32.0,32.0,91,normal,,https://raw.githubusercontent.com/PokeAPI/sprites/master/sprites/pokemon/53.png
54,Psyduck,64,0.8,19.6,30.624999999999996,93,water,,https://raw.githubusercontent.com/PokeAPI/sprites/master/sprites/pokemon/54.png
55,Golduck,175,1.7,76.6,26.505190311418687,94,water,,https://raw.githubusercontent.com/PokeAPI/sprites/master/sprites/pokemon/55.png
56,Mankey,61,0.5,28.0,112.0,95,fighting,,https://raw.githubusercontent.com/PokeAPI/sprites/master/sprites/pokemon/56.png
57,Primeape,159,1.0,32.0,32.0,96,fighting,,https://raw.githubusercontent.com/PokeAPI/sprites/master/sprites/pokemon/57.png
58,Growlithe,70,0.7,19.0,38.77551020408164,97,fire,,https://raw.githubusercontent.com/PokeAPI/sprites/master/sprites/pokemon/58.png
59,Arcanine,194,1.9,155.0,42.93628808864266,98,fire,,https://raw.githubusercontent.com/PokeAPI/sprites/master/sprites/pokemon/59.png
60,Poliwag,60,0.6,12.4,34.44444444444445,99,water,,https://raw.githubusercontent.com/PokeAPI/sprites/master/sprites/pokemon/60.png
61,Poliwhirl,135,1.0,20.0,20.0,100,water,,https://raw.githubusercontent.com/PokeAPI/sprites/master/sprites/pokemon/61.png
62,Poliwrath,255,1.3,54.0,31.95266272189349,101,water,fighting,https://raw.githubusercontent.com/PokeAPI/sprites/master/sprites/pokemon/62.png
63,Abra,62,0.9,19.5,24.074074074074073,103,psychic,,https://raw.githubusercontent.com/PokeAPI/sprites/master/sprites/pokemon/63.png
64,Kadabra,140,1.3,56.5,33.43195266272189,104,psychic,,https://raw.githubusercontent.com/PokeAPI/sprites/master/sprites/pokemon/64.png
65,Alakazam,250,1.5,48.0,21.333333333333332,105,psychic,,https://raw.githubusercontent.com/PokeAPI/sprites/master/sprites/pokemon/65.png
66,Machop,61,0.8,19.5,30.468749999999993,107,fighting,,https://raw.githubusercontent.com/PokeAPI/sprites/master/sprites/pokemon/66.png
67,Machoke,142,1.5,70.5,31.333333333333332,108,fighting,,https://raw.githubusercontent.com/PokeAPI/sprites/master/sprites/pokemon/67.png
68,Machamp,253,1.6,130.0,50.78124999999999,109,fighting,,https://raw.githubusercontent.com/PokeAPI/sprites/master/sprites/pokemon/68.png
69,Bellsprout,60,0.7,4.0,8.163265306122451,110,grass,poison,https://raw.githubusercontent.com/PokeAPI/sprites/master/sprites/pokemon/69.png
70,Weepinbell,137,1.0,6.4,6.4,111,grass,poison,https://raw.githubusercontent.com/PokeAPI/sprites/master/sprites/pokemon/70.png
71,Victreebel,221,1.7,15.5,5.363321799307959,112,grass,poison,https://raw.githubusercontent.com/PokeAPI/sprites/master/sprites/pokemon/71.png
72,Tentacool,67,0.9,45.5,56.172839506172835,113,water,poison,https://raw.githubusercontent.com/PokeAPI/sprites/master/sprites/pokemon/72.png
73,Tentacruel,180,1.6,55.0,21.484374999999996,114,water,poison,https://raw.githubusercontent.com/PokeAPI/sprites/master/sprites/pokemon/73.png
74,Geodude,60,0.4,20.0,124.99999999999997,115,rock,ground,https://raw.githubusercontent.com/PokeAPI/sprites/master/sprites/pokemon/74.png
75,Graveler,137,1.0,105.0,105.0,117,rock,ground,https://raw.githubusercontent.com/PokeAPI/sprites/master/sprites/pokemon/75.png
76,Golem,223,1.4,300.0,153.06122448979593,119,rock,ground,https://raw.githubusercontent.com/PokeAPI/sprites/master/sprites/pokemon/76.png
77,Ponyta,82,1.0,30.0,30.0,121,fire,,https://raw.githubusercontent.com/PokeAPI/sprites/master/sprites/pokemon/77.png
78,Rapidash,175,1.7,95.0,32.871972318339104,123,fire,,https://raw.githubusercontent.com/PokeAPI/sprites/master/sprites/pokemon/78.png
79,Slowpoke,63,1.2,36.0,25.0,125,water,psychic,https://raw.githubusercontent.com/PokeAPI/sprites/master/sprites/pokemon/79.png
80,Slowbro,172,1.6,78.5,30.664062499999993,127,water,psychic,https://raw.githubusercontent.com/PokeAPI/sprites/master/sprites/pokemon/80.png
81,Magnemite,65,0.3,6.0,66.66666666666667,132,electric,steel,https://raw.githubusercontent.com/PokeAPI/sprites/master/sprites/pokemon/81.png
82,Magneton,163,1.0,60.0,60.0,133,electric,steel,https://raw.githubusercontent.com/PokeAPI/sprites/master/sprites/pokemon/82.png
83,Farfetchd,132,0.8,15.0,23.437499999999996,135,normal,flying,https://raw.githubusercontent.com/PokeAPI/sprites/master/sprites/pokemon/83.png
84,Doduo,62,1.4,39.2,20.000000000000004,137,normal,flying,https://raw.githubusercontent.com/PokeAPI/sprites/master/sprites/pokemon/84.png
85,Dodrio,165,1.8,85.2,26.296296296296294,138,normal,flying,https://raw.githubusercontent.com/PokeAPI/sprites/master/sprites/pokemon/85.png
86,Seel,65,1.1,90.0,74.38016528925618,139,water,,https://raw.githubusercontent.com/PokeAPI/sprites/master/sprites/pokemon/86.png
87,Dewgong,166,1.7,120.0,41.52249134948097,140,water,ice,https://raw.githubusercontent.com/PokeAPI/sprites/master/sprites/pokemon/87.png
88,Grimer,65,0.9,30.0,37.03703703703704,141,poison,,https://raw.githubusercontent.com/PokeAPI/sprites/master/sprites/pokemon/88.png
89,Muk,175,1.2,30.0,20.833333333333336,143,poison,,https://raw.githubusercontent.com/PokeAPI/sprites/master/sprites/pokemon/89.png
90,Shellder,61,0.3,4.0,44.44444444444444,145,water,,https://raw.githubusercontent.com/PokeAPI/sprites/master/sprites/pokemon/90.png
91,Cloyster,184,1.5,132.5,58.888888888888886,146,water,ice,https://raw.githubusercontent.com/PokeAPI/sprites/master/sprites/pokemon/91.png
92,Gastly,62,1.3,0.1,0.05917159763313609,147,ghost,poison,https://raw.githubusercontent.com/PokeAPI/sprites/master/sprites/pokemon/92.png
93,Haunter,142,1.6,0.1,0.03906249999999999,148,ghost,poison,https://raw.githubusercontent.com/PokeAPI/sprites/master/sprites/pokemon/93.png
94,Gengar,250,1.5,40.5,18.0,149,ghost,poison,https://raw.githubusercontent.com/PokeAPI/sprites/master/sprites/pokemon/94.png
95,Onix,77,8.8,210.0,2.711776859504132,151,rock,ground,https://raw.githubusercontent.com/PokeAPI/sprites/master/sprites/pokemon/95.png
96,Drowzee,66,1.0,32.4,32.4,154,psychic,,https://raw.githubusercontent.com/PokeAPI/sprites/master/sprites/pokemon/96.png
97,Hypno,169,1.6,75.6,29.531249999999993,155,psychic,,https://raw.githubusercontent.com/PokeAPI/sprites/master/sprites/pokemon/97.png
98,Krabby,65,0.4,6.5,40.62499999999999,156,water,,https://raw.githubusercontent.com/PokeAPI/sprites/master/sprites/pokemon/98.png
99,Kingler,166,1.3,60.0,35.50295857988165,157,water,,https://raw.githubusercontent.com/PokeAPI/sprites/master/sprites/pokemon/99.png
100,Voltorb,66,0.5,10.4,41.6,158,electric,,https://raw.githubusercontent.com/PokeAPI/sprites/master/sprites/pokemon/100.png
101,Electrode,172,1.2,66.6,46.25,159,electric,,https://raw.githubusercontent.com/PokeAPI/sprites/master/sprites/pokemon/101.png
102,Exeggcute,65,0.4,2.5,15.624999999999996,160,grass,psychic,https://raw.githubusercontent.com/PokeAPI/sprites/master/sprites/pokemon/102.png
103,Exeggutor,186,2.0,120.0,30.0,161,grass,psychic,https://raw.githubusercontent.com/PokeAPI/sprites/master/sprites/pokemon/103.png
104,Cubone,64,0.4,6.5,40.62499999999999,163,ground,,https://raw.githubusercontent.com/PokeAPI/sprites/master/sprites/pokemon/104.png
105,Marowak,149,1.0,45.0,45.0,164,ground,,https://raw.githubusercontent.com/PokeAPI/sprites/master/sprites/pokemon/105.png
106,Hitmonlee,159,1.5,49.8,22.133333333333333,168,fighting,,https://raw.githubusercontent.com/PokeAPI/sprites/master/sprites/pokemon/106.png
107,Hitmonchan,159,1.4,50.2,25.61224489795919,169,fighting,,https://raw.githubusercontent.com/PokeAPI/sprites/master/sprites/pokemon/107.png
108,Lickitung,77,1.2,65.5,45.486111111111114,171,normal,,https://raw.githubusercontent.com/PokeAPI/sprites/master/sprites/pokemon/108.png
109,Koffing,68,0.6,1.0,2.7777777777777777,173,poison,,https://raw.githubusercontent.com/PokeAPI/sprites/master/sprites/pokemon/109.png
110,Weezing,172,1.2,9.5,6.597222222222222,174,poison,,https://raw.githubusercontent.com/PokeAPI/sprites/master/sprites/pokemon/110.png
111,Rhyhorn,69,1.0,115.0,115.0,176,ground,rock,https://raw.githubusercontent.com/PokeAPI/sprites/master/sprites/pokemon/111.png
112,Rhydon,170,1.9,120.0,33.2409972299169,177,ground,rock,https://raw.githubusercontent.com/PokeAPI/sprites/master/sprites/pokemon/112.png
113,Chansey,395,1.1,34.6,28.595041322314046,180,normal,,https://raw.githubusercontent.com/PokeAPI/sprites/master/sprites/pokemon/113.png
114,Tangela,87,1.0,35.0,35.0,182,grass,,https://raw.githubusercontent.com/PokeAPI/sprites/master/sprites/pokemon/114.png
115,Kangaskhan,172,2.2,80.0,16.52892561983471,184,normal,,https://raw.githubusercontent.com/PokeAPI/sprites/master/sprites/pokemon/115.png
116,Horsea,59,0.4,8.0,49.99999999999999,186,water,,https://raw.githubusercontent.com/PokeAPI/sprites/master/sprites/pokemon/116.png
117,Seadra,154,1.2,25.0,17.36111111111111,187,water,,https://raw.githubusercontent.com/PokeAPI/sprites/master/sprites/pokemon/117.png
118,Goldeen,64,0.6,15.0,41.66666666666667,189,water,,https://raw.githubusercontent.com/PokeAPI/sprites/master/sprites/pokemon/118.png
119,Seaking,158,1.3,39.0,23.076923076923073,190,water,,https://raw.githubusercontent.com/PokeAPI/sprites/master/sprites/pokemon/119.png
120,Staryu,68,0.8,34.5,53.90624999999999,191,water,,https://raw.githubusercontent.com/PokeAPI/sprites/master/sprites/pokemon/120.png
121,Starmie,182,1.1,80.0,66.11570247933884,192,water,psychic,https://raw.githubusercontent.com/PokeAPI/sprites/master/sprites/pokemon/121.png
122,Mr-mime,161,1.3,54.5,32.24852071005917,194,psychic,fairy,https://raw.githubusercontent.com/PokeAPI/sprites/master/sprites/pokemon/122.png
123,Scyther,100,1.5,56.0,24.88888888888889,196,bug,flying,https://raw.githubusercontent.com/PokeAPI/sprites/master/sprites/pokemon/123.png
124,Jynx,159,1.4,40.6,20.71428571428572,200,ice,psychic,https://raw.githubusercontent.com/PokeAPI/sprites/master/sprites/pokemon/124.png
125,Electabuzz,172,1.1,30.0,24.793388429752063,202,electric,,https://raw.githubusercontent.com/PokeAPI/sprites/master/sprites/pokemon/125.png
126,Magmar,173,1.3,44.5,26.33136094674556,205,fire,,https://raw.githubusercontent.com/PokeAPI/sprites/master/sprites/pokemon/126.png
127,Pinsir,175,1.5,55.0,24.444444444444443,207,bug,,https://raw.githubusercontent.com/PokeAPI/sprites/master/sprites/pokemon/127.png
128,Tauros,172,1.4,88.4,45.10204081632654,209,normal,,https://raw.githubusercontent.com/PokeAPI/sprites/master/sprites/pokemon/128.png
129,Magikarp,40,0.9,10.0,12.345679012345679,210,water,,https://raw.githubusercontent.com/PokeAPI/sprites/master/sprites/pokemon/129.png
130,Gyarados,189,6.5,235.0,5.562130177514793,211,water,flying,https://raw.githubusercontent.com/PokeAPI/sprites/master/sprites/pokemon/130.png
131,Lapras,187,2.5,220.0,35.2,213,water,ice,https://raw.githubusercontent.com/PokeAPI/sprites/master/sprites/pokemon/131.png
132,Ditto,101,0.3,4.0,44.44444444444444,214,normal,,https://raw.githubusercontent.com/PokeAPI/sprites/master/sprites/pokemon/132.png
133,Eevee,65,0.3,6.5,72.22222222222223,215,normal,,https://raw.githubusercontent.com/PokeAPI/sprites/master/sprites/pokemon/133.png
134,Vaporeon,184,1.0,29.0,29.0,217,water,,https://raw.githubusercontent.com/PokeAPI/sprites/master/sprites/pokemon/134.png
135,Jolteon,184,0.8,24.5,38.28124999999999,218,electric,,https://raw.githubusercontent.com/PokeAPI/sprites/master/sprites/pokemon/135.png
136,Flareon,184,0.9,25.0,30.864197530864196,219,fire,,https://raw.githubusercontent.com/PokeAPI/sprites/master/sprites/pokemon/136.png
137,Porygon,79,0.8,36.5,57.031249999999986,225,normal,,https://raw.githubusercontent.com/PokeAPI/sprites/master/sprites/pokemon/137.png
138,Omanyte,71,0.4,7.5,46.87499999999999,228,rock,water,https://raw.githubusercontent.com/PokeAPI/sprites/master/sprites/pokemon/138.png
139,Omastar,173,1.0,35.0,35.0,229,rock,water,https://raw.githubusercontent.com/PokeAPI/sprites/master/sprites/pokemon/139.png
140,Kabuto,71,0.5,11.5,46.0,230,rock,water,https://raw.githubusercontent.com/PokeAPI/sprites/master/sprites/pokemon/140.png
141,Kabutops,173,1.3,40.5,23.964497041420117,231,rock,water,https://raw.githubusercontent.com/PokeAPI/sprites/master/sprites/pokemon/141.png
142,Aerodactyl,180,1.8,59.0,18.209876543209877,232,rock,flying,https://raw.githubusercontent.com/PokeAPI/sprites/master/sprites/pokemon/142.png
143,Snorlax,189,2.1,460.0,104.30839002267574,235,normal,,https://raw.githubusercontent.com/PokeAPI/sprites/master/sprites/pokemon/143.png
144,Articuno,290,1.7,55.4,19.169550173010382,236,ice,flying,https://raw.githubusercontent.com/PokeAPI/sprites/master/sprites/pokemon/144.png
145,Zapdos,290,1.6,52.6,20.546874999999996,238,electric,flying,https://raw.githubusercontent.com/PokeAPI/sprites/master/sprites/pokemon/145.png
146,Moltres,290,2.0,60.0,15.0,240,fire,flying,https://raw.githubusercontent.com/PokeAPI/sprites/master/sprites/pokemon/146.png
147,Dratini,60,1.8,3.3,1.0185185185185184,242,dragon,,https://raw.githubusercontent.com/PokeAPI/sprites/master/sprites/pokemon/147.png
148,Dragonair,147,4.0,16.5,1.03125,243,dragon,,https://raw.githubusercontent.com/PokeAPI/sprites/master/sprites/pokemon/148.png
149,Dragonite,300,2.2,210.0,43.38842975206611,244,dragon,flying,https://raw.githubusercontent.com/PokeAPI/sprites/master/sprites/pokemon/149.png
150,Mewtwo,340,2.0,122.0,30.5,245,psychic,,https://raw.githubusercontent.com/PokeAPI/sprites/master/sprites/pokemon/150.png
151,Mew,300,0.4,4.0,24.999999999999996,248,psychic,,https://raw.githubusercontent.com/PokeAPI/sprites/master/sprites/pokemon/151.png
152,Chikorita,64,0.9,6.4,7.901234567901234,249,grass,,https://raw.githubusercontent.com/PokeAPI/sprites/master/sprites/pokemon/152.png
153,Bayleef,142,1.2,15.8,10.972222222222223,250,grass,,https://raw.githubusercontent.com/PokeAPI/sprites/master/sprites/pokemon/153.png
154,Meganium,236,1.8,100.5,31.018518518518515,251,grass,,https://raw.githubusercontent.com/PokeAPI/sprites/master/sprites/pokemon/154.png
155,Cyndaquil,62,0.5,7.9,31.6,252,fire,,https://raw.githubusercontent.com/PokeAPI/sprites/master/sprites/pokemon/155.png
156,Quilava,142,0.9,19.0,23.456790123456788,253,fire,,https://raw.githubusercontent.com/PokeAPI/sprites/master/sprites/pokemon/156.png
157,Typhlosion,240,1.7,79.5,27.508650519031146,254,fire,,https://raw.githubusercontent.com/PokeAPI/sprites/master/sprites/pokemon/157.png
158,Totodile,63,0.6,9.5,26.38888888888889,255,water,,https://raw.githubusercontent.com/PokeAPI/sprites/master/sprites/pokemon/158.png
159,Croconaw,142,1.1,25.0,20.661157024793386,256,water,,https://raw.githubusercontent.com/PokeAPI/sprites/master/sprites/pokemon/159.png
160,Feraligatr,239,2.3,88.8,16.78638941398866,257,water,,https://raw.githubusercontent.com/PokeAPI/sprites/master/sprites/pokemon/160.png
161,Sentret,43,0.8,6.0,9.374999999999998,258,normal,,https://raw.githubusercontent.com/PokeAPI/sprites/master/sprites/pokemon/161.png
162,Furret,145,1.8,32.5,10.030864197530864,259,normal,,https://raw.githubusercontent.com/PokeAPI/sprites/master/sprites/pokemon/162.png
163,Hoothoot,52,0.7,21.2,43.26530612244898,260,normal,flying,https://raw.githubusercontent.com/PokeAPI/sprites/master/sprites/pokemon/163.png
164,Noctowl,158,1.6,40.8,15.937499999999996,261,normal,flying,https://raw.githubusercontent.com/PokeAPI/sprites/master/sprites/pokemon/164.png
165,Ledyba,53,1.0,10.8,10.8,262,bug,flying,https://raw.githubusercontent.com/PokeAPI/sprites/master/sprites/pokemon/165.png
166,Ledian,137,1.4,35.6,18.16326530612245,263,bug,flying,https://raw.githubusercontent.com/PokeAPI/sprites/master/sprites/pokemon/166.png
167,Spinarak,50,0.5,8.5,34.0,264,bug,poison,https://raw.githubusercontent.com/PokeAPI/sprites/master/sprites/pokemon/167.png
168,Ariados,140,1.1,33.5,27.685950413223136,265,bug,poison,https://raw.githubusercontent.com/PokeAPI/sprites/master/sprites/pokemon/168.png
169,Crobat,268,1.8,75.0,23.148148148148145,75,poison,flying,https://raw.githubusercontent.com/PokeAPI/sprites/master/sprites/pokemon/169.png
170,Chinchou,66,0.5,12.0,48.0,266,water,electric,https://raw.githubusercontent.com/PokeAPI/sprites/master/sprites/pokemon/170.png
171,Lanturn,161,1.2,22.5,15.625,267,water,electric,https://raw.githubusercontent.com/PokeAPI/sprites/master/sprites/pokemon/171.png
172,Pichu,41,0.3,2.0,22.22222222222222,34,electric,,https://raw.githubusercontent.com/PokeAPI/sprites/master/sprites/pokemon/172.png
173,Cleffa,44,0.3,3.0,33.333333333333336,63,fairy,,https://raw.githubusercontent.com/PokeAPI/sprites/master/sprites/pokemon/173.png
174,Igglybuff,42,0.3,1.0,11.11111111111111,70,normal,fairy,https://raw.githubusercontent.com/PokeAPI/sprites/master/sprites/pokemon/174.png
175,Togepi,49,0.3,1.5,16.666666666666668,268,fairy,,https://raw.githubusercontent.com/PokeAPI/sprites/master/sprites/pokemon/175.png
176,Togetic,142,0.6,3.2,8.88888888888889,269,fairy,flying,https://raw.githubusercontent.com/PokeAPI/sprites/master/sprites/pokemon/176.png
177,Natu,64,0.2,2.0,49.99999999999999,271,psychic,flying,https://raw.githubusercontent.com/PokeAPI/sprites/master/sprites/pokemon/177.png
178,Xatu,165,1.5,15.0,6.666666666666667,272,psychic,flying,https://raw.githubusercontent.com/PokeAPI/sprites/master/sprites/pokemon/178.png
179,Mareep,56,0.6,7.8,21.666666666666668,273,electric,,https://raw.githubusercontent.com/PokeAPI/sprites/master/sprites/pokemon/179.png
180,Flaaffy,128,0.8,13.3,20.781249999999996,274,electric,,https://raw.githubusercontent.com/PokeAPI/sprites/master/sprites/pokemon/180.png
181,Ampharos,230,1.4,61.5,31.377551020408166,275,electric,,https://raw.githubusercontent.com/PokeAPI/sprites/master/sprites/pokemon/181.png
182,Bellossom,245,0.4,5.8,36.24999999999999,79,grass,,https://raw.githubusercontent.com/PokeAPI/sprites/master/sprites/pokemon/182.png
183,Marill,88,0.4,8.5,53.12499999999999,278,water,fairy,https://raw.githubusercontent.com/PokeAPI/sprites/master/sprites/pokemon/183.png
184,Azumarill,210,0.8,28.5,44.53124999999999,279,water,fairy,https://raw.githubusercontent.com/PokeAPI/sprites/master/sprites/pokemon/184.png
185,Sudowoodo,144,1.2,38.0,26.38888888888889,281,rock,,https://raw.githubusercontent.com/PokeAPI/sprites/master/sprites/pokemon/185.png
186,Politoed,250,1.1,33.9,28.01652892561983,102,water,,https://raw.githubusercontent.com/PokeAPI/sprites/master/sprites/pokemon/186.png
187,Hoppip,50,0.4,0.5,3.1249999999999996,282,grass,flying,https://raw.githubusercontent.com/PokeAPI/sprites/master/sprites/pokemon/187.png
188,Skiploom,119,0.6,1.0,2.7777777777777777,283,grass,flying,https://raw.githubusercontent.com/PokeAPI/sprites/master/sprites/pokemon/188.png
189,Jumpluff,207,0.8,3.0,4.687499999999999,284,grass,flying,https://raw.githubusercontent.com/PokeAPI/sprites/master/sprites/pokemon/189.png
190,Aipom,72,0.8,11.5,17.968749999999996,285,normal,,https://raw.githubusercontent.com/PokeAPI/sprites/master/sprites/pokemon/190.png
191,Sunkern,36,0.3,1.8,20.0,287,grass,,https://raw.githubusercontent.com/PokeAPI/sprites/master/sprites/pokemon/191.png
192,Sunflora,149,0.8,8.5,13.281249999999998,288,grass,,https://raw.githubusercontent.com/PokeAPI/sprites/master/sprites/pokemon/192.png
193,Yanma,78,1.2,38.0,26.38888888888889,289,bug,flying,https://raw.githubusercontent.com/PokeAPI/sprites/master/sprites/pokemon/193.png
194,Wooper,42,0.4,8.5,53.12499999999999,291,water,ground,https://raw.githubusercontent.com/PokeAPI/sprites/master/sprites/pokemon/194.png
195,Quagsire,151,1.4,75.0,38.26530612244898,292,water,ground,https://raw.githubusercontent.com/PokeAPI/sprites/master/sprites/pokemon/195.png
196,Espeon,184,0.9,26.5,32.716049382716044,220,psychic,,https://raw.githubusercontent.com/PokeAPI/sprites/master/sprites/pokemon/196.png
197,Umbreon,184,1.0,27.0,27.0,221,dark,,https://raw.githubusercontent.com/PokeAPI/sprites/master/sprites/pokemon/197.png
198,Murkrow,81,0.5,2.1,8.4,293,dark,flying,https://raw.githubusercontent.com/PokeAPI/sprites/master/sprites/pokemon/198.png
199,Slowking,172,2.0,79.5,19.875,130,water,psychic,https://raw.githubusercontent.com/PokeAPI/sprites/master/sprites/pokemon/199.png
200,Misdreavus,87,0.7,1.0,2.0408163265306127,295,ghost,,https://raw.githubusercontent.com/PokeAPI/sprites/master/sprites/pokemon/200.png
201,Unown,118,0.5,5.0,20.0,297,psychic,,https://raw.githubusercontent.com/PokeAPI/sprites/master/sprites/pokemon/201.png
202,Wobbuffet,142,1.3,28.5,16.863905325443785,299,psychic,,https://raw.githubusercontent.com/PokeAPI/sprites/master/sprites/pokemon/202.png
203,Girafarig,159,1.5,41.5,18.444444444444443,300,normal,psychic,https://raw.githubusercontent.com/PokeAPI/sprites/master/sprites/pokemon/203.png
204,Pineco,58,0.6,7.2,20.0,301,bug,,https://raw.githubusercontent.com/PokeAPI/sprites/master/sprites/pokemon/204.png
205,Forretress,163,1.2,125.8,87.36111111111111,302,bug,steel,https://raw.githubusercontent.com/PokeAPI/sprites/master/sprites/pokemon/205.png
206,Dunsparce,145,1.5,14.0,6.222222222222222,303,normal,,https://raw.githubusercontent.com/PokeAPI/sprites/master/sprites/pokemon/206.png
207,Gligar,86,1.1,64.8,53.55371900826445,304,ground,flying,https://raw.githubusercontent.com/PokeAPI/sprites/master/sprites/pokemon/207.png
208,Steelix,179,9.2,400.0,4.725897920604916,152,steel,ground,https://raw.githubusercontent.com/PokeAPI/sprites/master/sprites/pokemon/208.png
209,Snubbull,60,0.6,7.8,21.666666666666668,306,fairy,,https://raw.githubusercontent.com/PokeAPI/sprites/master/sprites/pokemon/209.png
210,Granbull,158,1.4,48.7,24.84693877551021,307,fairy,,https://raw.githubusercontent.com/PokeAPI/sprites/master/sprites/pokemon/210.png
211,Qwilfish,88,0.5,3.9,15.6,308,water,poison,https://raw.githubusercontent.com/PokeAPI/sprites/master/sprites/pokemon/211.png
212,Scizor,175,1.8,118.0,36.41975308641975,197,bug,steel,https://raw.githubusercontent.com/PokeAPI/sprites/master/sprites/pokemon/212.png
213,Shuckle,177,0.6,20.5,56.94444444444445,309,bug,rock,https://raw.githubusercontent.com/PokeAPI/sprites/master/sprites/pokemon/213.png
214,Heracross,175,1.5,54.0,24.0,310,bug,fighting,https://raw.githubusercontent.com/PokeAPI/sprites/master/sprites/pokemon/214.png
215,Sneasel,86,0.9,28.0,34.5679012345679,312,dark,ice,https://raw.githubusercontent.com/PokeAPI/sprites/master/sprites/pokemon/215.png
216,Teddiursa,66,0.6,8.8,24.444444444444446,314,normal,,https://raw.githubusercontent.com/PokeAPI/sprites/master/sprites/pokemon/216.png
217,Ursaring,175,1.8,125.8,38.82716049382716,315,normal,,https://raw.githubusercontent.com/PokeAPI/sprites/master/sprites/pokemon/217.png
218,Slugma,50,0.7,35.0,71.42857142857144,316,fire,,https://raw.githubusercontent.com/PokeAPI/sprites/master/sprites/pokemon/218.png
219,Magcargo,151,0.8,55.0,85.93749999999999,317,fire,rock,https://raw.githubusercontent.com/PokeAPI/sprites/master/sprites/pokemon/219.png
220,Swinub,50,0.4,6.5,40.62499999999999,318,ice,ground,https://raw.githubusercontent.com/PokeAPI/sprites/master/sprites/pokemon/220.png
221,Piloswine,158,1.1,55.8,46.115702479338836,319,ice,ground,https://raw.githubusercontent.com/PokeAPI/sprites/master/sprites/pokemon/221.png
222,Corsola,144,0.6,5.0,13.88888888888889,321,water,rock,https://raw.githubusercontent.com/PokeAPI/sprites/master/sprites/pokemon/222.png
223,Remoraid,60,0.6,12.0,33.333333333333336,323,water,,https://raw.githubusercontent.com/PokeAPI/sprites/master/sprites/pokemon/223.png
224,Octillery,168,0.9,28.5,35.18518518518518,324,water,,https://raw.githubusercontent.com/PokeAPI/sprites/master/sprites/pokemon/224.png
225,Delibird,116,0.9,16.0,19.753086419753085,325,ice,flying,https://raw.githubusercontent.com/PokeAPI/sprites/master/sprites/pokemon/225.png
226,Mantine,170,2.1,220.0,49.88662131519274,327,water,flying,https://raw.githubusercontent.com/PokeAPI/sprites/master/sprites/pokemon/226.png
227,Skarmory,163,1.7,50.5,17.474048442906575,328,steel,flying,https://raw.githubusercontent.com/PokeAPI/sprites/master/sprites/pokemon/227.png
228,Houndour,66,0.6,10.8,30.000000000000004,329,dark,fire,https://raw.githubusercontent.com/PokeAPI/sprites/master/sprites/pokemon/228.png
229,Houndoom,175,1.4,35.0,17.85714285714286,330,dark,fire,https://raw.githubusercontent.com/PokeAPI/sprites/master/sprites/pokemon/229.png
230,Kingdra,270,1.8,152.0,46.913580246913575,188,water,dragon,https://raw.githubusercontent.com/PokeAPI/sprites/master/sprites/pokemon/230.png
231,Phanpy,66,0.5,33.5,134.0,332,ground,,https://raw.githubusercontent.com/PokeAPI/sprites/master/sprites/pokemon/231.png
232,Donphan,175,1.1,120.0,99.17355371900825,333,ground,,https://raw.githubusercontent.com/PokeAPI/sprites/master/sprites/pokemon/232.png
233,Porygon2,180,0.6,32.5,90.27777777777779,226,normal,,https://raw.githubusercontent.com/PokeAPI/sprites/master/sprites/pokemon/233.png
234,Stantler,163,1.4,71.2,36.3265306122449,334,normal,,https://raw.githubusercontent.com/PokeAPI/sprites/master/sprites/pokemon/234.png
235,Smeargle,88,1.2,58.0,40.27777777777778,335,normal,,https://raw.githubusercontent.com/PokeAPI/sprites/master/sprites/pokemon/235.png
236,Tyrogue,42,0.7,21.0,42.85714285714286,167,fighting,,https://raw.githubusercontent.com/PokeAPI/sprites/master/sprites/pokemon/236.png
237,Hitmontop,159,1.4,48.0,24.48979591836735,170,fighting,,https://raw.githubusercontent.com/PokeAPI/sprites/master/sprites/pokemon/237.png
238,Smoochum,61,0.4,6.0,37.49999999999999,199,ice,psychic,https://raw.githubusercontent.com/PokeAPI/sprites/master/sprites/pokemon/238.png
239,Elekid,72,0.6,23.5,65.27777777777779,201,electric,,https://raw.githubusercontent.com/PokeAPI/sprites/master/sprites/pokemon/239.png
240,Magby,73,0.7,21.4,43.673469387755105,204,fire,,https://raw.githubusercontent.com/PokeAPI/sprites/master/sprites/pokemon/240.png
241,Miltank,172,1.2,75.5,52.43055555555556,336,normal,,https://raw.githubusercontent.com/PokeAPI/sprites/master/sprites/pokemon/241.png
242,Blissey,635,1.5,46.8,20.799999999999997,181,normal,,https://raw.githubusercontent.com/PokeAPI/sprites/master/sprites/pokemon/242.png
243,Raikou,290,1.9,178.0,49.307479224376735,337,electric,,https://raw.githubusercontent.com/PokeAPI/sprites/master/sprites/pokemon/243.png
244,Entei,290,2.1,198.0,44.89795918367347,338,fire,,https://raw.githubusercontent.com/PokeAPI/sprites/master/sprites/pokemon/244.png
245,Suicune,290,2.0,187.0,46.75,339,water,,https://raw.githubusercontent.com/PokeAPI/sprites/master/sprites/pokemon/245.png
246,Larvitar,60,0.6,72.0,200.0,340,rock,ground,https://raw.githubusercontent.com/PokeAPI/sprites/master/sprites/pokemon/246.png
247,Pupitar,144,1.2,152.0,105.55555555555556,341,rock,ground,https://raw.githubusercontent.com/PokeAPI/sprites/master/sprites/pokemon/247.png
248,Tyranitar,300,2.0,202.0,50.5,342,rock,dark,https://raw.githubusercontent.com/PokeAPI/sprites/master/sprites/pokemon/248.png
249,Lugia,340,5.2,216.0,7.988165680473372,344,psychic,flying,https://raw.githubusercontent.com/PokeAPI/sprites/master/sprites/pokemon/249.png
250,Ho-oh,340,3.8,199.0,13.781163434903048,345,fire,flying,https://raw.githubusercontent.com/PokeAPI/sprites/master/sprites/pokemon/250.png
251,Celebi,300,0.6,5.0,13.88888888888889,346,psychic,grass,https://raw.githubusercontent.com/PokeAPI/sprites/master/sprites/pokemon/251.png
252,Treecko,62,0.5,5.0,20.0,347,grass,,https://raw.githubusercontent.com/PokeAPI/sprites/master/sprites/pokemon/252.png
253,Grovyle,142,0.9,21.6,26.666666666666668,348,grass,,https://raw.githubusercontent.com/PokeAPI/sprites/master/sprites/pokemon/253.png
254,Sceptile,265,1.7,52.2,18.062283737024224,349,grass,,https://raw.githubusercontent.com/PokeAPI/sprites/master/sprites/pokemon/254.png
255,Torchic,62,0.4,2.5,15.624999999999996,351,fire,,https://raw.githubusercontent.com/PokeAPI/sprites/master/sprites/pokemon/255.png
256,Combusken,142,0.9,19.5,24.074074074074073,352,fire,fighting,https://raw.githubusercontent.com/PokeAPI/sprites/master/sprites/pokemon/256.png
257,Blaziken,265,1.9,52.0,14.40443213296399,353,fire,fighting,https://raw.githubusercontent.com/PokeAPI/sprites/master/sprites/pokemon/257.png
258,Mudkip,62,0.4,7.6,47.499999999999986,355,water,,https://raw.githubusercontent.com/PokeAPI/sprites/master/sprites/pokemon/258.png
259,Marshtomp,142,0.7,28.0,57.14285714285715,356,water,ground,https://raw.githubusercontent.com/PokeAPI/sprites/master/sprites/pokemon/259.png
260,Swampert,268,1.5,81.9,36.400000000000006,357,water,ground,https://raw.githubusercontent.com/PokeAPI/sprites/master/sprites/pokemon/260.png
261,Poochyena,56,0.5,13.6,54.4,359,dark,,https://raw.githubusercontent.com/PokeAPI/sprites/master/sprites/pokemon/261.png
262,Mightyena,147,1.0,37.0,37.0,360,dark,,https://raw.githubusercontent.com/PokeAPI/sprites/master/sprites/pokemon/262.png
263,Zigzagoon,56,0.4,17.5,109.37499999999999,361,normal,,https://raw.githubusercontent.com/PokeAPI/sprites/master/sprites/pokemon/263.png
264,Linoone,147,0.5,32.5,130.0,363,normal,,https://raw.githubusercontent.com/PokeAPI/sprites/master/sprites/pokemon/264.png
265,Wurmple,56,0.3,3.6,40.0,365,bug,,https://raw.githubusercontent.com/PokeAPI/sprites/master/sprites/pokemon/265.png
266,Silcoon,72,0.6,10.0,27.77777777777778,366,bug,,https://raw.githubusercontent.com/PokeAPI/sprites/master/sprites/pokemon/266.png
267,Beautifly,178,1.0,28.4,28.4,367,bug,flying,https://raw.githubusercontent.com/PokeAPI/sprites/master/sprites/pokemon/267.png
268,Cascoon,72,0.7,11.5,23.469387755102044,368,bug,,https://raw.githubusercontent.com/PokeAPI/sprites/master/sprites/pokemon/268.png
269,Dustox,173,1.2,31.6,21.944444444444446,369,bug,poison,https://raw.githubusercontent.com/PokeAPI/sprites/master/sprites/pokemon/269.png
270,Lotad,44,0.5,2.6,10.4,370,water,grass,https://raw.githubusercontent.com/PokeAPI/sprites/master/sprites/pokemon/270.png
271,Lombre,119,1.2,32.5,22.569444444444446,371,water,grass,https://raw.githubusercontent.com/PokeAPI/sprites/master/sprites/pokemon/271.png
272,Ludicolo,240,1.5,55.0,24.444444444444443,372,water,grass,https://raw.githubusercontent.com/PokeAPI/sprites/master/sprites/pokemon/272.png
273,Seedot,44,0.5,4.0,16.0,373,grass,,https://raw.githubusercontent.com/PokeAPI/sprites/master/sprites/pokemon/273.png
274,Nuzleaf,119,1.0,28.0,28.0,374,grass,dark,https://raw.githubusercontent.com/PokeAPI/sprites/master/sprites/pokemon/274.png
275,Shiftry,240,1.3,59.6,35.26627218934911,375,grass,dark,https://raw.githubusercontent.com/PokeAPI/sprites/master/sprites/pokemon/275.png
276,Taillow,54,0.3,2.3,25.555555555555554,376,normal,flying,https://raw.githubusercontent.com/PokeAPI/sprites/master/sprites/pokemon/276.png
277,Swellow,159,0.7,19.8,40.40816326530613,377,normal,flying,https://raw.githubusercontent.com/PokeAPI/sprites/master/sprites/pokemon/277.png
278,Wingull,54,0.6,9.5,26.38888888888889,378,water,flying,https://raw.githubusercontent.com/PokeAPI/sprites/master/sprites/pokemon/278.png
279,Pelipper,154,1.2,28.0,19.444444444444446,379,water,flying,https://raw.githubusercontent.com/PokeAPI/sprites/master/sprites/pokemon/279.png
280,Ralts,40,0.4,6.6,41.24999999999999,380,psychic,fairy,https://raw.githubusercontent.com/PokeAPI/sprites/master/sprites/pokemon/280.png
281,Kirlia,97,0.8,20.2,31.562499999999993,381,psychic,fairy,https://raw.githubusercontent.com/PokeAPI/sprites/master/sprites/pokemon/281.png
282,Gardevoir,259,1.6,48.4,18.906249999999996,382,psychic,fairy,https://raw.githubusercontent.com/PokeAPI/sprites/master/sprites/pokemon/282.png
283,Surskit,54,0.5,1.7,6.8,386,bug,water,https://raw.githubusercontent.com/PokeAPI/sprites/master/sprites/pokemon/283.png
284,Masquerain,159,0.8,3.6,5.624999999999999,387,bug,flying,https://raw.githubusercontent.com/PokeAPI/sprites/master/sprites/pokemon/284.png
285,Shroomish,59,0.4,4.5,28.124999999999993,388,grass,,https://raw.githubusercontent.com/PokeAPI/sprites/master/sprites/pokemon/285.png
286,Breloom,161,1.2,39.2,27.222222222222225,389,grass,fighting,https://raw.githubusercontent.com/PokeAPI/sprites/master/sprites/pokemon/286.png
287,Slakoth,56,0.8,24.0,37.49999999999999,390,normal,,https://raw.githubusercontent.com/PokeAPI/sprites/master/sprites/pokemon/287.png
288,Vigoroth,154,1.4,46.5,23.72448979591837,391,normal,,https://raw.githubusercontent.com/PokeAPI/sprites/master/sprites/pokemon/288.png
289,Slaking,252,2.0,130.5,32.625,392,normal,,https://raw.githubusercontent.com/PokeAPI/sprites/master/sprites/pokemon/289.png
290,Nincada,53,0.5,5.5,22.0,393,bug,ground,https://raw.githubusercontent.com/PokeAPI/sprites/master/sprites/pokemon/290.png
291,Ninjask,160,0.8,12.0,18.749999999999996,394,bug,flying,https://raw.githubusercontent.com/PokeAPI/sprites/master/sprites/pokemon/291.png
292,Shedinja,83,0.8,1.2,1.8749999999999996,395,bug,ghost,https://raw.githubusercontent.com/PokeAPI/sprites/master/sprites/pokemon/292.png
293,Whismur,48,0.6,16.3,45.27777777777778,396,normal,,https://raw.githubusercontent.com/PokeAPI/sprites/master/sprites/pokemon/293.png
294,Loudred,126,1.0,40.5,40.5,397,normal,,https://raw.githubusercontent.com/PokeAPI/sprites/master/sprites/pokemon/294.png
295,Exploud,245,1.5,84.0,37.333333333333336,398,normal,,https://raw.githubusercontent.com/PokeAPI/sprites/master/sprites/pokemon/295.png
296,Makuhita,47,1.0,86.4,86.4,399,fighting,,https://raw.githubusercontent.com/PokeAPI/sprites/master/sprites/pokemon/296.png
297,Hariyama,166,2.3,253.8,47.977315689981104,400,fighting,,https://raw.githubusercontent.com/PokeAPI/sprites/master/sprites/pokemon/297.png
298,Azurill,38,0.2,2.0,49.99999999999999,277,normal,fairy,https://raw.githubusercontent.com/PokeAPI/sprites/master/sprites/pokemon/298.png
299,Nosepass,75,1.0,97.0,97.0,401,rock,,https://raw.githubusercontent.com/PokeAPI/sprites/master/sprites/pokemon/299.png
300,Skitty,52,0.6,11.0,30.555555555555557,403,normal,,https://raw.githubusercontent.com/PokeAPI/sprites/master/sprites/pokemon/300.png
301,Delcatty,140,1.1,32.6,26.942148760330575,404,normal,,https://raw.githubusercontent.com/PokeAPI/sprites/master/sprites/pokemon/301.png
302,Sableye,133,0.5,11.0,44.0,405,dark,ghost,https://raw.githubusercontent.com/PokeAPI/sprites/master/sprites/pokemon/302.png
303,Mawile,133,0.6,11.5,31.944444444444446,407,steel,fairy,https://raw.githubusercontent.com/PokeAPI/sprites/master/sprites/pokemon/303.png
304,Aron,66,0.4,60.0,374.99999999999994,409,steel,rock,https://raw.githubusercontent.com/PokeAPI/sprites/master/sprites/pokemon/304.png
305,Lairon,151,0.9,120.0,148.14814814814815,410,steel,rock,https://raw.githubusercontent.com/PokeAPI/sprites/master/sprites/pokemon/305.png
306,Aggron,265,2.1,360.0,81.63265306122449,411,steel,rock,https://raw.githubusercontent.com/PokeAPI/sprites/master/sprites/pokemon/306.png
307,Meditite,56,0.6,11.2,31.11111111111111,413,fighting,psychic,https://raw.githubusercontent.com/PokeAPI/sprites/master/sprites/pokemon/307.png
308,Medicham,144,1.3,31.5,18.63905325443787,414,fighting,psychic,https://raw.githubusercontent.com/PokeAPI/sprites/master/sprites/pokemon/308.png
309,Electrike,59,0.6,15.2,42.22222222222222,416,electric,,https://raw.githubusercontent.com/PokeAPI/sprites/master/sprites/pokemon/309.png
310,Manectric,166,1.5,40.2,17.866666666666667,417,electric,,https://raw.githubusercontent.com/PokeAPI/sprites/master/sprites/pokemon/310.png
311,Plusle,142,0.4,4.2,26.249999999999996,419,electric,,https://raw.githubusercontent.com/PokeAPI/sprites/master/sprites/pokemon/311.png
312,Minun,142,0.4,4.2,26.249999999999996,420,electric,,https://raw.githubusercontent.com/PokeAPI/sprites/master/sprites/pokemon/312.png
313,Volbeat,151,0.7,17.7,36.12244897959184,421,bug,,https://raw.githubusercontent.com/PokeAPI/sprites/master/sprites/pokemon/313.png
314,Illumise,151,0.6,17.7,49.166666666666664,422,bug,,https://raw.githubusercontent.com/PokeAPI/sprites/master/sprites/pokemon/314.png
315,Roselia,140,0.3,2.0,22.22222222222222,424,grass,poison,https://raw.githubusercontent.com/PokeAPI/sprites/master/sprites/pokemon/315.png
316,Gulpin,60,0.4,10.3,64.37499999999999,426,poison,,https://raw.githubusercontent.com/PokeAPI/sprites/master/sprites/pokemon/316.png
317,Swalot,163,1.7,80.0,27.68166089965398,427,poison,,https://raw.githubusercontent.com/PokeAPI/sprites/master/sprites/pokemon/317.png
318,Carvanha,61,0.8,20.8,32.49999999999999,428,water,dark,https://raw.githubusercontent.com/PokeAPI/sprites/master/sprites/pokemon/318.png
319,Sharpedo,161,1.8,88.8,27.407407407407405,429,water,dark,https://raw.githubusercontent.com/PokeAPI/sprites/master/sprites/pokemon/319.png
320,Wailmer,80,2.0,130.0,32.5,431,water,,https://raw.githubusercontent.com/PokeAPI/sprites/master/sprites/pokemon/320.png
321,Wailord,175,14.5,398.0,1.8929845422116527,432,water,,https://raw.githubusercontent.com/PokeAPI/sprites/master/sprites/pokemon/321.png
322,Numel,61,0.7,24.0,48.9795918367347,433,fire,ground,https://raw.githubusercontent.com/PokeAPI/sprites/master/sprites/pokemon/322.png
323,Camerupt,161,1.9,220.0,60.94182825484765,434,fire,ground,https://raw.githubusercontent.com/PokeAPI/sprites/master/sprites/pokemon/323.png
324,Torkoal,165,0.5,80.4,321.6,436,fire,,https://raw.githubusercontent.com/PokeAPI/sprites/master/sprites/pokemon/324.png
325,Spoink,66,0.7,30.6,62.448979591836746,437,psychic,,https://raw.githubusercontent.com/PokeAPI/sprites/master/sprites/pokemon/325.png
326,Grumpig,165,0.9,71.5,88.2716049382716,438,psychic,,https://raw.githubusercontent.com/PokeAPI/sprites/master/sprites/pokemon/326.png
327,Spinda,126,1.1,5.0,4.132231404958677,439,normal,,https://raw.githubusercontent.com/PokeAPI/sprites/master/sprites/pokemon/327.png
328,Trapinch,58,0.7,15.0,30.612244897959187,440,ground,,https://raw.githubusercontent.com/PokeAPI/sprites/master/sprites/pokemon/328.png
329,Vibrava,119,1.1,15.3,12.644628099173552,441,ground,dragon,https://raw.githubusercontent.com/PokeAPI/sprites/master/sprites/pokemon/329.png
330,Flygon,260,2.0,82.0,20.5,442,ground,dragon,https://raw.githubusercontent.com/PokeAPI/sprites/master/sprites/pokemon/330.png
331,Cacnea,67,0.4,51.3,320.62499999999994,443,grass,,https://raw.githubusercontent.com/PokeAPI/sprites/master/sprites/pokemon/331.png
332,Cacturne,166,1.3,77.4,45.798816568047336,444,grass,dark,https://raw.githubusercontent.com/PokeAPI/sprites/master/sprites/pokemon/332.png
333,Swablu,62,0.4,1.2,7.499999999999998,445,normal,flying,https://raw.githubusercontent.com/PokeAPI/sprites/master/sprites/pokemon/333.png
334,Altaria,172,1.1,20.6,17.02479338842975,446,dragon,flying,https://raw.githubusercontent.com/PokeAPI/sprites/master/sprites/pokemon/334.png
335,Zangoose,160,1.3,40.3,23.846153846153843,448,normal,,https://raw.githubusercontent.com/PokeAPI/sprites/master/sprites/pokemon/335.png
336,Seviper,160,2.7,52.5,7.201646090534979,449,poison,,https://raw.githubusercontent.com/PokeAPI/sprites/master/sprites/pokemon/336.png
337,Lunatone,161,1.0,168.0,168.0,450,rock,psychic,https://raw.githubusercontent.com/PokeAPI/sprites/master/sprites/pokemon/337.png
338,Solrock,161,1.2,154.0,106.94444444444444,451,rock,psychic,https://raw.githubusercontent.com/PokeAPI/sprites/master/sprites/pokemon/338.png
339,Barboach,58,0.4,1.9,11.874999999999996,452,water,ground,https://raw.githubusercontent.com/PokeAPI/sprites/master/sprites/pokemon/339.png
340,Whiscash,164,0.9,23.6,29.135802469135804,453,water,ground,https://raw.githubusercontent.com/PokeAPI/sprites/master/sprites/pokemon/340.png
341,Corphish,62,0.6,11.5,31.944444444444446,454,water,,https://raw.githubusercontent.com/PokeAPI/sprites/master/sprites/pokemon/341.png
342,Crawdaunt,164,1.1,32.8,27.10743801652892,455,water,dark,https://raw.githubusercontent.com/PokeAPI/sprites/master/sprites/pokemon/342.png
343,Baltoy,60,0.5,21.5,86.0,456,ground,psychic,https://raw.githubusercontent.com/PokeAPI/sprites/master/sprites/pokemon/343.png
344,Claydol,175,1.5,108.0,48.0,457,ground,psychic,https://raw.githubusercontent.com/PokeAPI/sprites/master/sprites/pokemon/344.png
345,Lileep,71,1.0,23.8,23.8,458,rock,grass,https://raw.githubusercontent.com/PokeAPI/sprites/master/sprites/pokemon/345.png
346,Cradily,173,1.5,60.4,26.844444444444445,459,rock,grass,https://raw.githubusercontent.com/PokeAPI/sprites/master/sprites/pokemon/346.png
347,Anorith,71,0.7,12.5,25.510204081632658,460,rock,bug,https://raw.githubusercontent.com/PokeAPI/sprites/master/sprites/pokemon/347.png
348,Armaldo,173,1.5,68.2,30.311111111111114,461,rock,bug,https://raw.githubusercontent.com/PokeAPI/sprites/master/sprites/pokemon/348.png
349,Feebas,40,0.6,7.4,20.555555555555557,462,water,,https://raw.githubusercontent.com/PokeAPI/sprites/master/sprites/pokemon/349.png
350,Milotic,189,6.2,162.0,4.2143600416233085,463,water,,https://raw.githubusercontent.com/PokeAPI/sprites/master/sprites/pokemon/350.png
351,Castform,147,0.3,0.8,8.88888888888889,464,normal,,https://raw.githubusercontent.com/PokeAPI/sprites/master/sprites/pokemon/351.png
352,Kecleon,154,1.0,22.0,22.0,468,normal,,https://raw.githubusercontent.com/PokeAPI/sprites/master/sprites/pokemon/352.png
353,Shuppet,59,0.6,2.3,6.388888888888888,469,ghost,,https://raw.githubusercontent.com/PokeAPI/sprites/master/sprites/pokemon/353.png
354,Banette,159,1.1,12.5,10.330578512396693,470,ghost,,https://raw.githubusercontent.com/PokeAPI/sprites/master/sprites/pokemon/354.png
355,Duskull,59,0.8,15.0,23.437499999999996,472,ghost,,https://raw.githubusercontent.com/PokeAPI/sprites/master/sprites/pokemon/355.png
356,Dusclops,159,1.6,30.6,11.953124999999998,473,ghost,,https://raw.githubusercontent.com/PokeAPI/sprites/master/sprites/pokemon/356.png
357,Tropius,161,2.0,100.0,25.0,475,grass,flying,https://raw.githubusercontent.com/PokeAPI/sprites/master/sprites/pokemon/357.png
358,Chimecho,159,0.6,1.0,2.7777777777777777,477,psychic,,https://raw.githubusercontent.com/PokeAPI/sprites/master/sprites/pokemon/358.png
359,Absol,163,1.2,47.0,32.63888888888889,478,dark,,https://raw.githubusercontent.com/PokeAPI/sprites/master/sprites/pokemon/359.png
360,Wynaut,52,0.6,14.0,38.88888888888889,298,psychic,,https://raw.githubusercontent.com/PokeAPI/sprites/master/sprites/pokemon/360.png
361,Snorunt,60,0.7,16.8,34.28571428571429,480,ice,,https://raw.githubusercontent.com/PokeAPI/sprites/master/sprites/pokemon/361.png
362,Glalie,168,1.5,256.5,114.0,481,ice,,https://raw.githubusercontent.com/PokeAPI/sprites/master/sprites/pokemon/362.png
363,Spheal,58,0.8,39.5,61.718749999999986,484,ice,water,https://raw.githubusercontent.com/PokeAPI/sprites/master/sprites/pokemon/363.png
364,Sealeo,144,1.1,87.6,72.39669421487602,485,ice,water,https://raw.githubusercontent.com/PokeAPI/sprites/master/sprites/pokemon/364.png
365,Walrein,265,1.4,150.6,76.83673469387756,486,ice,water,https://raw.githubusercontent.com/PokeAPI/sprites/master/sprites/pokemon/365.png
366,Clamperl,69,0.4,52.5,328.12499999999994,487,water,,https://raw.githubusercontent.com/PokeAPI/sprites/master/sprites/pokemon/366.png
367,Huntail,170,1.7,27.0,9.34256055363322,488,water,,https://raw.githubusercontent.com/PokeAPI/sprites/master/sprites/pokemon/367.png
368,Gorebyss,170,1.8,22.6,6.9753086419753085,489,water,,https://raw.githubusercontent.com/PokeAPI/sprites/master/sprites/pokemon/368.png
369,Relicanth,170,1.0,23.4,23.4,490,water,rock,https://raw.githubusercontent.com/PokeAPI/sprites/master/sprites/pokemon/369.png
370,Luvdisc,116,0.6,8.7,24.166666666666664,491,water,,https://raw.githubusercontent.com/PokeAPI/sprites/master/sprites/pokemon/370.png
371,Bagon,60,0.6,42.1,116.94444444444446,492,dragon,,https://raw.githubusercontent.com/PokeAPI/sprites/master/sprites/pokemon/371.png
372,Shelgon,147,1.1,110.5,91.32231404958677,493,dragon,,https://raw.githubusercontent.com/PokeAPI/sprites/master/sprites/pokemon/372.png
373,Salamence,300,1.5,102.6,45.599999999999994,494,dragon,flying,https://raw.githubusercontent.com/PokeAPI/sprites/master/sprites/pokemon/373.png
374,Beldum,60,0.6,95.2,264.44444444444446,496,steel,psychic,https://raw.githubusercontent.com/PokeAPI/sprites/master/sprites/pokemon/374.png
375,Metang,147,1.2,202.5,140.625,497,steel,psychic,https://raw.githubusercontent.com/PokeAPI/sprites/master/sprites/pokemon/375.png
376,Metagross,300,1.6,550.0,214.84374999999997,498,steel,psychic,https://raw.githubusercontent.com/PokeAPI/sprites/master/sprites/pokemon/376.png
377,Regirock,290,1.7,230.0,79.5847750865052,500,rock,,https://raw.githubusercontent.com/PokeAPI/sprites/master/sprites/pokemon/377.png
378,Regice,290,1.8,175.0,54.01234567901234,501,ice,,https://raw.githubusercontent.com/PokeAPI/sprites/master/sprites/pokemon/378.png
379,Registeel,290,1.9,205.0,56.78670360110804,502,steel,,https://raw.githubusercontent.com/PokeAPI/sprites/master/sprites/pokemon/379.png
380,Latias,300,1.4,40.0,20.408163265306126,503,dragon,psychic,https://raw.githubusercontent.com/PokeAPI/sprites/master/sprites/pokemon/380.png
381,Latios,300,2.0,60.0,15.0,505,dragon,psychic,https://raw.githubusercontent.com/PokeAPI/sprites/master/sprites/pokemon/381.png
382,Kyogre,335,4.5,352.0,17.382716049382715,507,water,,https://raw.githubusercontent.com/PokeAPI/sprites/master/sprites/pokemon/382.png
383,Groudon,335,3.5,950.0,77.55102040816327,509,ground,,https://raw.githubusercontent.com/PokeAPI/sprites/master/sprites/pokemon/383.png
384,Rayquaza,340,7.0,206.5,4.214285714285714,511,dragon,flying,https://raw.githubusercontent.com/PokeAPI/sprites/master/sprites/pokemon/384.png
385,Jirachi,300,0.3,1.1,12.222222222222223,513,steel,psychic,https://raw.githubusercontent.com/PokeAPI/sprites/master/sprites/pokemon/385.png
386,Deoxys-normal,270,1.7,60.8,21.038062283737027,514,psychic,,https://raw.githubusercontent.com/PokeAPI/sprites/master/sprites/pokemon/386.png
387,Turtwig,64,0.4,10.2,63.749999999999986,518,grass,,https://raw.githubusercontent.com/PokeAPI/sprites/master/sprites/pokemon/387.png
388,Grotle,142,1.1,97.0,80.16528925619834,519,grass,,https://raw.githubusercontent.com/PokeAPI/sprites/master/sprites/pokemon/388.png
389,Torterra,236,2.2,310.0,64.0495867768595,520,grass,ground,https://raw.githubusercontent.com/PokeAPI/sprites/master/sprites/pokemon/389.png
390,Chimchar,62,0.5,6.2,24.8,521,fire,,https://raw.githubusercontent.com/PokeAPI/sprites/master/sprites/pokemon/390.png
391,Monferno,142,0.9,22.0,27.160493827160494,522,fire,fighting,https://raw.githubusercontent.com/PokeAPI/sprites/master/sprites/pokemon/391.png
392,Infernape,240,1.2,55.0,38.19444444444444,523,fire,fighting,https://raw.githubusercontent.com/PokeAPI/sprites/master/sprites/pokemon/392.png
393,Piplup,63,0.4,5.2,32.49999999999999,524,water,,https://raw.githubusercontent.com/PokeAPI/sprites/master/sprites/pokemon/393.png
394,Prinplup,142,0.8,23.0,35.93749999999999,525,water,,https://raw.githubusercontent.com/PokeAPI/sprites/master/sprites/pokemon/394.png
395,Empoleon,239,1.7,84.5,29.238754325259517,526,water,steel,https://raw.githubusercontent.com/PokeAPI/sprites/master/sprites/pokemon/395.png
396,Starly,49,0.3,2.0,22.22222222222222,527,normal,flying,https://raw.githubusercontent.com/PokeAPI/sprites/master/sprites/pokemon/396.png
397,Staravia,119,0.6,15.5,43.05555555555556,528,normal,flying,https://raw.githubusercontent.com/PokeAPI/sprites/master/sprites/pokemon/397.png
398,Staraptor,218,1.2,24.9,17.291666666666668,529,normal,flying,https://raw.githubusercontent.com/PokeAPI/sprites/master/sprites/pokemon/398.png
399,Bidoof,50,0.5,20.0,80.0,530,normal,,https://raw.githubusercontent.com/PokeAPI/sprites/master/sprites/pokemon/399.png
400,Bibarel,144,1.0,31.5,31.5,531,normal,water,https://raw.githubusercontent.com/PokeAPI/sprites/master/sprites/pokemon/400.png
401,Kricketot,39,0.3,2.2,24.444444444444446,532,bug,,https://raw.githubusercontent.com/PokeAPI/sprites/master/sprites/pokemon/401.png
402,Kricketune,134,1.0,25.5,25.5,533,bug,,https://raw.githubusercontent.com/PokeAPI/sprites/master/sprites/pokemon/402.png
403,Shinx,53,0.5,9.5,38.0,534,electric,,https://raw.githubusercontent.com/PokeAPI/sprites/master/sprites/pokemon/403.png
404,Luxio,127,0.9,30.5,37.654320987654316,535,electric,,https://raw.githubusercontent.com/PokeAPI/sprites/master/sprites/pokemon/404.png
405,Luxray,262,1.4,42.0,21.42857142857143,536,electric,,https://raw.githubusercontent.com/PokeAPI/sprites/master/sprites/pokemon/405.png
406,Budew,56,0.2,1.2,29.999999999999993,423,grass,poison,https://raw.githubusercontent.com/PokeAPI/sprites/master/sprites/pokemon/406.png
407,Roserade,258,0.9,14.5,17.901234567901234,425,grass,poison,https://raw.githubusercontent.com/PokeAPI/sprites/master/sprites/pokemon/407.png
408,Cranidos,70,0.9,31.5,38.888888888888886,537,rock,,https://raw.githubusercontent.com/PokeAPI/sprites/master/sprites/pokemon/408.png
409,Rampardos,173,1.6,102.5,40.03906249999999,538,rock,,https://raw.githubusercontent.com/PokeAPI/sprites/master/sprites/pokemon/409.png
410,Shieldon,70,0.5,57.0,228.0,539,rock,steel,https://raw.githubusercontent.com/PokeAPI/sprites/master/sprites/pokemon/410.png
411,Bastiodon,173,1.3,149.5,88.46153846153845,540,rock,steel,https://raw.githubusercontent.com/PokeAPI/sprites/master/sprites/pokemon/411.png
412,Burmy,45,0.2,3.4,84.99999999999999,541,bug,,https://raw.githubusercontent.com/PokeAPI/sprites/master/sprites/pokemon/412.png
413,Wormadam-plant,148,0.5,6.5,26.0,542,bug,grass,https://raw.githubusercontent.com/PokeAPI/sprites/master/sprites/pokemon/413.png
414,Mothim,148,0.9,23.3,28.76543209876543,545,bug,flying,https://raw.githubusercontent.com/PokeAPI/sprites/master/sprites/pokemon/414.png
415,Combee,49,0.3,5.5,61.111111111111114,546,bug,flying,https://raw.githubusercontent.com/PokeAPI/sprites/master/sprites/pokemon/415.png
416,Vespiquen,166,1.2,38.5,26.73611111111111,547,bug,flying,https://raw.githubusercontent.com/PokeAPI/sprites/master/sprites/pokemon/416.png
417,Pachirisu,142,0.4,3.9,24.374999999999996,548,electric,,https://raw.githubusercontent.com/PokeAPI/sprites/master/sprites/pokemon/417.png
418,Buizel,66,0.7,29.5,60.20408163265307,549,water,,https://raw.githubusercontent.com/PokeAPI/sprites/master/sprites/pokemon/418.png
419,Floatzel,173,1.1,33.5,27.685950413223136,550,water,,https://raw.githubusercontent.com/PokeAPI/sprites/master/sprites/pokemon/419.png
420,Cherubi,55,0.4,3.3,20.624999999999996,551,grass,,https://raw.githubusercontent.com/PokeAPI/sprites/master/sprites/pokemon/420.png
421,Cherrim,158,0.5,9.3,37.2,552,grass,,https://raw.githubusercontent.com/PokeAPI/sprites/master/sprites/pokemon/421.png
422,Shellos,65,0.3,6.3,70.0,553,water,,https://raw.githubusercontent.com/PokeAPI/sprites/master/sprites/pokemon/422.png
423,Gastrodon,166,0.9,29.9,36.913580246913575,554,water,ground,https://raw.githubusercontent.com/PokeAPI/sprites/master/sprites/pokemon/423.png
424,Ambipom,169,1.2,20.3,14.097222222222223,286,normal,,https://raw.githubusercontent.com/PokeAPI/sprites/master/sprites/pokemon/424.png
425,Drifloon,70,0.4,1.2,7.499999999999998,555,ghost,flying,https://raw.githubusercontent.com/PokeAPI/sprites/master/sprites/pokemon/425.png
426,Drifblim,174,1.2,15.0,10.416666666666668,556,ghost,flying,https://raw.githubusercontent.com/PokeAPI/sprites/master/sprites/pokemon/426.png
427,Buneary,70,0.4,5.5,34.37499999999999,557,normal,,https://raw.githubusercontent.com/PokeAPI/sprites/master/sprites/pokemon/427.png
428,Lopunny,168,1.2,33.3,23.125,558,normal,,https://raw.githubusercontent.com/PokeAPI/sprites/master/sprites/pokemon/428.png
429,Mismagius,173,0.9,4.4,5.432098765432099,296,ghost,,https://raw.githubusercontent.com/PokeAPI/sprites/master/sprites/pokemon/429.png
430,Honchkrow,177,0.9,27.3,33.7037037037037,294,dark,flying,https://raw.githubusercontent.com/PokeAPI/sprites/master/sprites/pokemon/430.png
431,Glameow,62,0.5,3.9,15.6,560,normal,,https://raw.githubusercontent.com/PokeAPI/sprites/master/sprites/pokemon/431.png
432,Purugly,158,1.0,43.8,43.8,561,normal,,https://raw.githubusercontent.com/PokeAPI/sprites/master/sprites/pokemon/432.png
433,Chingling,57,0.2,0.6,14.999999999999996,476,psychic,,https://raw.githubusercontent.com/PokeAPI/sprites/master/sprites/pokemon/433.png
434,Stunky,66,0.4,19.2,119.99999999999997,562,poison,dark,https://raw.githubusercontent.com/PokeAPI/sprites/master/sprites/pokemon/434.png
435,Skuntank,168,1.0,38.0,38.0,563,poison,dark,https://raw.githubusercontent.com/PokeAPI/sprites/master/sprites/pokemon/435.png
436,Bronzor,60,0.5,60.5,242.0,564,steel,psychic,https://raw.githubusercontent.com/PokeAPI/sprites/master/sprites/pokemon/436.png
437,Bronzong,175,1.3,187.0,110.65088757396448,565,steel,psychic,https://raw.githubusercontent.com/PokeAPI/sprites/master/sprites/pokemon/437.png
438,Bonsly,58,0.5,15.0,60.0,280,rock,,https://raw.githubusercontent.com/PokeAPI/sprites/master/sprites/pokemon/438.png
439,Mime-jr,62,0.6,13.0,36.111111111111114,193,psychic,fairy,https://raw.githubusercontent.com/PokeAPI/sprites/master/sprites/pokemon/439.png
440,Happiny,110,0.6,24.4,67.77777777777777,179,normal,,https://raw.githubusercontent.com/PokeAPI/sprites/master/sprites/pokemon/440.png
441,Chatot,144,0.5,1.9,7.6,566,normal,flying,https://raw.githubusercontent.com/PokeAPI/sprites/master/sprites/pokemon/441.png
442,Spiritomb,170,1.0,108.0,108.0,567,ghost,dark,https://raw.githubusercontent.com/PokeAPI/sprites/master/sprites/pokemon/442.png
443,Gible,60,0.7,20.5,41.83673469387756,568,dragon,ground,https://raw.githubusercontent.com/PokeAPI/sprites/master/sprites/pokemon/443.png
444,Gabite,144,1.4,56.0,28.571428571428577,569,dragon,ground,https://raw.githubusercontent.com/PokeAPI/sprites/master/sprites/pokemon/444.png
445,Garchomp,300,1.9,95.0,26.315789473684212,570,dragon,ground,https://raw.githubusercontent.com/PokeAPI/sprites/master/sprites/pokemon/445.png
446,Munchlax,78,0.6,105.0,291.6666666666667,234,normal,,https://raw.githubusercontent.com/PokeAPI/sprites/master/sprites/pokemon/446.png
447,Riolu,57,0.7,20.2,41.22448979591837,572,fighting,,https://raw.githubusercontent.com/PokeAPI/sprites/master/sprites/pokemon/447.png
448,Lucario,184,1.2,54.0,37.5,573,fighting,steel,https://raw.githubusercontent.com/PokeAPI/sprites/master/sprites/pokemon/448.png
449,Hippopotas,66,0.8,49.5,77.34374999999999,575,ground,,https://raw.githubusercontent.com/PokeAPI/sprites/master/sprites/pokemon/449.png
450,Hippowdon,184,2.0,300.0,75.0,576,ground,,https://raw.githubusercontent.com/PokeAPI/sprites/master/sprites/pokemon/450.png
451,Skorupi,66,0.8,12.0,18.749999999999996,577,poison,bug,https://raw.githubusercontent.com/PokeAPI/sprites/master/sprites/pokemon/451.png
452,Drapion,175,1.3,61.5,36.390532544378694,578,poison,dark,https://raw.githubusercontent.com/PokeAPI/sprites/master/sprites/pokemon/452.png
453,Croagunk,60,0.7,23.0,46.93877551020409,579,poison,fighting,https://raw.githubusercontent.com/PokeAPI/sprites/master/sprites/pokemon/453.png
454,Toxicroak,172,1.3,44.4,26.272189349112423,580,poison,fighting,https://raw.githubusercontent.com/PokeAPI/sprites/master/sprites/pokemon/454.png
455,Carnivine,159,1.4,27.0,13.775510204081634,581,grass,,https://raw.githubusercontent.com/PokeAPI/sprites/master/sprites/pokemon/455.png
456,Finneon,66,0.4,7.0,43.74999999999999,582,water,,https://raw.githubusercontent.com/PokeAPI/sprites/master/sprites/pokemon/456.png
457,Lumineon,161,1.2,24.0,16.666666666666668,583,water,,https://raw.githubusercontent.com/PokeAPI/sprites/master/sprites/pokemon/457.png
458,Mantyke,69,1.0,65.0,65.0,326,water,flying,https://raw.githubusercontent.com/PokeAPI/sprites/master/sprites/pokemon/458.png
459,Snover,67,1.0,50.5,50.5,584,grass,ice,https://raw.githubusercontent.com/PokeAPI/sprites/master/sprites/pokemon/459.png
460,Abomasnow,173,2.2,135.5,27.995867768595037,585,grass,ice,https://raw.githubusercontent.com/PokeAPI/sprites/master/sprites/pokemon/460.png
461,Weavile,179,1.1,34.0,28.099173553719005,313,dark,ice,https://raw.githubusercontent.com/PokeAPI/sprites/master/sprites/pokemon/461.png
462,Magnezone,268,1.2,180.0,125.0,134,electric,steel,https://raw.githubusercontent.com/PokeAPI/sprites/master/sprites/pokemon/462.png
463,Lickilicky,180,1.7,140.0,48.44290657439447,172,normal,,https://raw.githubusercontent.com/PokeAPI/sprites/master/sprites/pokemon/463.png
464,Rhyperior,268,2.4,282.8,49.09722222222223,178,ground,rock,https://raw.githubusercontent.com/PokeAPI/sprites/master/sprites/pokemon/464.png
465,Tangrowth,187,2.0,128.6,32.15,183,grass,,https://raw.githubusercontent.com/PokeAPI/sprites/master/sprites/pokemon/465.png
466,Electivire,270,1.8,138.6,42.77777777777777,203,electric,,https://raw.githubusercontent.com/PokeAPI/sprites/master/sprites/pokemon/466.png
467,Magmortar,270,1.6,68.0,26.562499999999996,206,fire,,https://raw.githubusercontent.com/PokeAPI/sprites/master/sprites/pokemon/467.png
468,Togekiss,273,1.5,38.0,16.88888888888889,270,fairy,flying,https://raw.githubusercontent.com/PokeAPI/sprites/master/sprites/pokemon/468.png
469,Yanmega,180,1.9,51.5,14.265927977839336,290,bug,flying,https://raw.githubusercontent.com/PokeAPI/sprites/master/sprites/pokemon/469.png
470,Leafeon,184,1.0,25.5,25.5,222,grass,,https://raw.githubusercontent.com/PokeAPI/sprites/master/sprites/pokemon/470.png
471,Glaceon,184,0.8,25.9,40.46874999999999,223,ice,,https://raw.githubusercontent.com/PokeAPI/sprites/master/sprites/pokemon/471.png
472,Gliscor,179,2.0,42.5,10.625,305,ground,flying,https://raw.githubusercontent.com/PokeAPI/sprites/master/sprites/pokemon/472.png
473,Mamoswine,265,2.5,291.0,46.56,320,ice,ground,https://raw.githubusercontent.com/PokeAPI/sprites/master/sprites/pokemon/473.png
474,Porygon-z,268,0.9,34.0,41.9753086419753,227,normal,,https://raw.githubusercontent.com/PokeAPI/sprites/master/sprites/pokemon/474.png
475,Gallade,259,1.6,52.0,20.312499999999996,384,psychic,fighting,https://raw.githubusercontent.com/PokeAPI/sprites/master/sprites/pokemon/475.png
476,Probopass,184,1.4,340.0,173.46938775510208,402,rock,steel,https://raw.githubusercontent.com/PokeAPI/sprites/master/sprites/pokemon/476.png
477,Dusknoir,263,2.2,106.6,22.024793388429746,474,ghost,,https://raw.githubusercontent.com/PokeAPI/sprites/master/sprites/pokemon/477.png
478,Froslass,168,1.3,26.6,15.7396449704142,483,ice,ghost,https://raw.githubusercontent.com/PokeAPI/sprites/master/sprites/pokemon/478.png
479,Rotom,154,0.3,0.3,3.3333333333333335,587,electric,ghost,https://raw.githubusercontent.com/PokeAPI/sprites/master/sprites/pokemon/479.png
480,Uxie,290,0.3,0.3,3.3333333333333335,593,psychic,,https://raw.githubusercontent.com/PokeAPI/sprites/master/sprites/pokemon/480.png
481,Mesprit,290,0.3,0.3,3.3333333333333335,594,psychic,,https://raw.githubusercontent.com/PokeAPI/sprites/master/sprites/pokemon/481.png
482,Azelf,290,0.3,0.3,3.3333333333333335,595,psychic,,https://raw.githubusercontent.com/PokeAPI/sprites/master/sprites/pokemon/482.png
483,Dialga,340,5.4,683.0,23.422496570644714,596,steel,dragon,https://raw.githubusercontent.com/PokeAPI/sprites/master/sprites/pokemon/483.png
484,Palkia,340,4.2,336.0,19.047619047619047,597,water,dragon,https://raw.githubusercontent.com/PokeAPI/sprites/master/sprites/pokemon/484.png
485,Heatran,300,1.7,430.0,148.78892733564015,598,fire,steel,https://raw.githubusercontent.com/PokeAPI/sprites/master/sprites/pokemon/485.png
486,Regigigas,335,3.7,420.0,30.67932797662527,599,normal,,https://raw.githubusercontent.com/PokeAPI/sprites/master/sprites/pokemon/486.png
487,Giratina-altered,340,4.5,750.0,37.03703703703704,600,ghost,dragon,https://raw.githubusercontent.com/PokeAPI/sprites/master/sprites/pokemon/487.png
488,Cresselia,300,1.5,85.6,38.044444444444444,602,psychic,,https://raw.githubusercontent.com/PokeAPI/sprites/master/sprites/pokemon/488.png
489,Phione,216,0.4,3.1,19.374999999999996,603,water,,https://raw.githubusercontent.com/PokeAPI/sprites/master/sprites/pokemon/489.png
490,Manaphy,270,0.3,1.4,15.555555555555555,604,water,,https://raw.githubusercontent.com/PokeAPI/sprites/master/sprites/pokemon/490.png
491,Darkrai,270,1.5,50.5,22.444444444444443,605,dark,,https://raw.githubusercontent.com/PokeAPI/sprites/master/sprites/pokemon/491.png
492,Shaymin-land,270,0.2,2.1,52.49999999999999,606,grass,,https://raw.githubusercontent.com/PokeAPI/sprites/master/sprites/pokemon/492.png
493,Arceus,324,3.2,320.0,31.249999999999993,608,normal,,https://raw.githubusercontent.com/PokeAPI/sprites/master/sprites/pokemon/493.png
494,Victini,300,0.4,4.0,24.999999999999996,609,psychic,fire,https://raw.githubusercontent.com/PokeAPI/sprites/master/sprites/pokemon/494.png
495,Snivy,62,0.6,8.1,22.5,610,grass,,https://raw.githubusercontent.com/PokeAPI/sprites/master/sprites/pokemon/495.png
496,Servine,145,0.8,16.0,24.999999999999996,611,grass,,https://raw.githubusercontent.com/PokeAPI/sprites/master/sprites/pokemon/496.png
497,Serperior,238,3.3,63.0,5.785123966942149,612,grass,,https://raw.githubusercontent.com/PokeAPI/sprites/master/sprites/pokemon/497.png
498,Tepig,62,0.5,9.9,39.6,613,fire,,https://raw.githubusercontent.com/PokeAPI/sprites/master/sprites/pokemon/498.png
499,Pignite,146,1.0,55.5,55.5,614,fire,fighting,https://raw.githubusercontent.com/PokeAPI/sprites/master/sprites/pokemon/499.png
500,Emboar,238,1.6,150.0,58.593749999999986,615,fire,fighting,https://raw.githubusercontent.com/PokeAPI/sprites/master/sprites/pokemon/500.png
501,Oshawott,62,0.5,5.9,23.6,616,water,,https://raw.githubusercontent.com/PokeAPI/sprites/master/sprites/pokemon/501.png
502,Dewott,145,0.8,24.5,38.28124999999999,617,water,,https://raw.githubusercontent.com/PokeAPI/sprites/master/sprites/pokemon/502.png
503,Samurott,238,1.5,94.6,42.044444444444444,618,water,,https://raw.githubusercontent.com/PokeAPI/sprites/master/sprites/pokemon/503.png
504,Patrat,51,0.5,11.6,46.4,619,normal,,https://raw.githubusercontent.com/PokeAPI/sprites/master/sprites/pokemon/504.png
505,Watchog,147,1.1,27.0,22.314049586776857,620,normal,,https://raw.githubusercontent.com/PokeAPI/sprites/master/sprites/pokemon/505.png
506,Lillipup,55,0.4,4.1,25.624999999999993,621,normal,,https://raw.githubusercontent.com/PokeAPI/sprites/master/sprites/pokemon/506.png
507,Herdier,130,0.9,14.7,18.148148148148145,622,normal,,https://raw.githubusercontent.com/PokeAPI/sprites/master/sprites/pokemon/507.png
508,Stoutland,250,1.2,61.0,42.361111111111114,623,normal,,https://raw.githubusercontent.com/PokeAPI/sprites/master/sprites/pokemon/508.png
509,Purrloin,56,0.4,10.1,63.124999999999986,624,dark,,https://raw.githubusercontent.com/PokeAPI/sprites/master/sprites/pokemon/509.png
510,Liepard,156,1.1,37.5,30.991735537190078,625,dark,,https://raw.githubusercontent.com/PokeAPI/sprites/master/sprites/pokemon/510.png
511,Pansage,63,0.6,10.5,29.166666666666668,626,grass,,https://raw.githubusercontent.com/PokeAPI/sprites/master/sprites/pokemon/511.png
512,Simisage,174,1.1,30.5,25.20661157024793,627,grass,,https://raw.githubusercontent.com/PokeAPI/sprites/master/sprites/pokemon/512.png
513,Pansear,63,0.6,11.0,30.555555555555557,628,fire,,https://raw.githubusercontent.com/PokeAPI/sprites/master/sprites/pokemon/513.png
514,Simisear,174,1.0,28.0,28.0,629,fire,,https://raw.githubusercontent.com/PokeAPI/sprites/master/sprites/pokemon/514.png
515,Panpour,63,0.6,13.5,37.5,630,water,,https://raw.githubusercontent.com/PokeAPI/sprites/master/sprites/pokemon/515.png
516,Simipour,174,1.0,29.0,29.0,631,water,,https://raw.githubusercontent.com/PokeAPI/sprites/master/sprites/pokemon/516.png
517,Munna,58,0.6,23.3,64.72222222222223,632,psychic,,https://raw.githubusercontent.com/PokeAPI/sprites/master/sprites/pokemon/517.png
518,Musharna,170,1.1,60.5,49.99999999999999,633,psychic,,https://raw.githubusercontent.com/PokeAPI/sprites/master/sprites/pokemon/518.png
519,Pidove,53,0.3,2.1,23.333333333333336,634,normal,flying,https://raw.githubusercontent.com/PokeAPI/sprites/master/sprites/pokemon/519.png
520,Tranquill,125,0.6,15.0,41.66666666666667,635,normal,flying,https://raw.githubusercontent.com/PokeAPI/sprites/master/sprites/pokemon/520.png
521,Unfezant,244,1.2,29.0,20.13888888888889,636,normal,flying,https://raw.githubusercontent.com/PokeAPI/sprites/master/sprites/pokemon/521.png
522,Blitzle,59,0.8,29.8,46.56249999999999,637,electric,,https://raw.githubusercontent.com/PokeAPI/sprites/master/sprites/pokemon/522.png
523,Zebstrika,174,1.6,79.5,31.054687499999993,638,electric,,https://raw.githubusercontent.com/PokeAPI/sprites/master/sprites/pokemon/523.png
524,Roggenrola,56,0.4,18.0,112.49999999999997,639,rock,,https://raw.githubusercontent.com/PokeAPI/sprites/master/sprites/pokemon/524.png
525,Boldore,137,0.9,102.0,125.92592592592592,640,rock,,https://raw.githubusercontent.com/PokeAPI/sprites/master/sprites/pokemon/525.png
526,Gigalith,258,1.7,260.0,89.96539792387544,641,rock,,https://raw.githubusercontent.com/PokeAPI/sprites/master/sprites/pokemon/526.png
527,Woobat,65,0.4,2.1,13.124999999999998,642,psychic,flying,https://raw.githubusercontent.com/PokeAPI/sprites/master/sprites/pokemon/527.png
528,Swoobat,149,0.9,10.5,12.962962962962962,643,psychic,flying,https://raw.githubusercontent.com/PokeAPI/sprites/master/sprites/pokemon/528.png
529,Drilbur,66,0.3,8.5,94.44444444444444,644,ground,,https://raw.githubusercontent.com/PokeAPI/sprites/master/sprites/pokemon/529.png
530,Excadrill,178,0.7,40.4,82.44897959183675,645,ground,steel,https://raw.githubusercontent.com/PokeAPI/sprites/master/sprites/pokemon/530.png
531,Audino,390,1.1,31.0,25.6198347107438,646,normal,,https://raw.githubusercontent.com/PokeAPI/sprites/master/sprites/pokemon/531.png
532,Timburr,61,0.6,12.5,34.72222222222222,648,fighting,,https://raw.githubusercontent.com/PokeAPI/sprites/master/sprites/pokemon/532.png
533,Gurdurr,142,1.2,40.0,27.77777777777778,649,fighting,,https://raw.githubusercontent.com/PokeAPI/sprites/master/sprites/pokemon/533.png
534,Conkeldurr,253,1.4,87.0,44.38775510204082,650,fighting,,https://raw.githubusercontent.com/PokeAPI/sprites/master/sprites/pokemon/534.png
535,Tympole,59,0.5,4.5,18.0,651,water,,https://raw.githubusercontent.com/PokeAPI/sprites/master/sprites/pokemon/535.png
536,Palpitoad,134,0.8,17.0,26.562499999999996,652,water,ground,https://raw.githubusercontent.com/PokeAPI/sprites/master/sprites/pokemon/536.png
537,Seismitoad,255,1.5,62.0,27.555555555555557,653,water,ground,https://raw.githubusercontent.com/PokeAPI/sprites/master/sprites/pokemon/537.png
538,Throh,163,1.3,55.5,32.840236686390526,654,fighting,,https://raw.githubusercontent.com/PokeAPI/sprites/master/sprites/pokemon/538.png
539,Sawk,163,1.4,51.0,26.02040816326531,655,fighting,,https://raw.githubusercontent.com/PokeAPI/sprites/master/sprites/pokemon/539.png
540,Sewaddle,62,0.3,2.5,27.77777777777778,656,bug,grass,https://raw.githubusercontent.com/PokeAPI/sprites/master/sprites/pokemon/540.png
541,Swadloon,133,0.5,7.3,29.2,657,bug,grass,https://raw.githubusercontent.com/PokeAPI/sprites/master/sprites/pokemon/541.png
542,Leavanny,225,1.2,20.5,14.236111111111112,658,bug,grass,https://raw.githubusercontent.com/PokeAPI/sprites/master/sprites/pokemon/542.png
543,Venipede,52,0.4,5.3,33.12499999999999,659,bug,poison,https://raw.githubusercontent.com/PokeAPI/sprites/master/sprites/pokemon/543.png
544,Whirlipede,126,1.2,58.5,40.625,660,bug,poison,https://raw.githubusercontent.com/PokeAPI/sprites/master/sprites/pokemon/544.png
545,Scolipede,243,2.5,200.5,32.08,661,bug,poison,https://raw.githubusercontent.com/PokeAPI/sprites/master/sprites/pokemon/545.png
546,Cottonee,56,0.3,0.6,6.666666666666667,662,grass,fairy,https://raw.githubusercontent.com/PokeAPI/sprites/master/sprites/pokemon/546.png
547,Whimsicott,168,0.7,6.6,13.469387755102042,663,grass,fairy,https://raw.githubusercontent.com/PokeAPI/sprites/master/sprites/pokemon/547.png
548,Petilil,56,0.5,6.6,26.4,664,grass,,https://raw.githubusercontent.com/PokeAPI/sprites/master/sprites/pokemon/548.png
549,Lilligant,168,1.1,16.3,13.471074380165287,665,grass,,https://raw.githubusercontent.com/PokeAPI/sprites/master/sprites/pokemon/549.png
550,Basculin-red-striped,161,1.0,18.0,18.0,666,water,,https://raw.githubusercontent.com/PokeAPI/sprites/master/sprites/pokemon/550.png
551,Sandile,58,0.7,15.2,31.02040816326531,668,ground,dark,https://raw.githubusercontent.com/PokeAPI/sprites/master/sprites/pokemon/551.png
552,Krokorok,123,1.0,33.4,33.4,669,ground,dark,https://raw.githubusercontent.com/PokeAPI/sprites/master/sprites/pokemon/552.png
553,Krookodile,260,1.5,96.3,42.8,670,ground,dark,https://raw.githubusercontent.com/PokeAPI/sprites/master/sprites/pokemon/553.png
554,Darumaka,63,0.6,37.5,104.16666666666667,671,fire,,https://raw.githubusercontent.com/PokeAPI/sprites/master/sprites/pokemon/554.png
555,Darmanitan-standard,168,1.3,92.9,54.97041420118343,673,fire,,https://raw.githubusercontent.com/PokeAPI/sprites/master/sprites/pokemon/555.png
556,Maractus,161,1.0,28.0,28.0,677,grass,,https://raw.githubusercontent.com/PokeAPI/sprites/master/sprites/pokemon/556.png
557,Dwebble,65,0.3,14.5,161.11111111111111,678,bug,rock,https://raw.githubusercontent.com/PokeAPI/sprites/master/sprites/pokemon/557.png
558,Crustle,170,1.4,200.0,102.04081632653063,679,bug,rock,https://raw.githubusercontent.com/PokeAPI/sprites/master/sprites/pokemon/558.png
559,Scraggy,70,0.6,11.8,32.77777777777778,680,dark,fighting,https://raw.githubusercontent.com/PokeAPI/sprites/master/sprites/pokemon/559.png
560,Scrafty,171,1.1,30.0,24.793388429752063,681,dark,fighting,https://raw.githubusercontent.com/PokeAPI/sprites/master/sprites/pokemon/560.png
561,Sigilyph,172,1.4,14.0,7.142857142857144,682,psychic,flying,https://raw.githubusercontent.com/PokeAPI/sprites/master/sprites/pokemon/561.png
562,Yamask,61,0.5,1.5,6.0,683,ghost,,https://raw.githubusercontent.com/PokeAPI/sprites/master/sprites/pokemon/562.png
563,Cofagrigus,169,1.7,76.5,26.47058823529412,685,ghost,,https://raw.githubusercontent.com/PokeAPI/sprites/master/sprites/pokemon/563.png
564,Tirtouga,71,0.7,16.5,33.673469387755105,686,water,rock,https://raw.githubusercontent.com/PokeAPI/sprites/master/sprites/pokemon/564.png
565,Carracosta,173,1.2,81.0,56.25,687,water,rock,https://raw.githubusercontent.com/PokeAPI/sprites/master/sprites/pokemon/565.png
566,Archen,71,0.5,9.5,38.0,688,rock,flying,https://raw.githubusercontent.com/PokeAPI/sprites/master/sprites/pokemon/566.png
567,Archeops,177,1.4,32.0,16.326530612244902,689,rock,flying,https://raw.githubusercontent.com/PokeAPI/sprites/master/sprites/pokemon/567.png
568,Trubbish,66,0.6,31.0,86.11111111111111,690,poison,,https://raw.githubusercontent.com/PokeAPI/sprites/master/sprites/pokemon/568.png
569,Garbodor,166,1.9,107.3,29.722991689750693,691,poison,,https://raw.githubusercontent.com/PokeAPI/sprites/master/sprites/pokemon/569.png
570,Zorua,66,0.7,12.5,25.510204081632658,692,dark,,https://raw.githubusercontent.com/PokeAPI/sprites/master/sprites/pokemon/570.png
571,Zoroark,179,1.6,81.1,31.679687499999993,693,dark,,https://raw.githubusercontent.com/PokeAPI/sprites/master/sprites/pokemon/571.png
572,Minccino,60,0.4,5.8,36.24999999999999,694,normal,,https://raw.githubusercontent.com/PokeAPI/sprites/master/sprites/pokemon/572.png
573,Cinccino,165,0.5,7.5,30.0,695,normal,,https://raw.githubusercontent.com/PokeAPI/sprites/master/sprites/pokemon/573.png
574,Gothita,58,0.4,5.8,36.24999999999999,696,psychic,,https://raw.githubusercontent.com/PokeAPI/sprites/master/sprites/pokemon/574.png
575,Gothorita,137,0.7,18.0,36.734693877551024,697,psychic,,https://raw.githubusercontent.com/PokeAPI/sprites/master/sprites/pokemon/575.png
576,Gothitelle,245,1.5,44.0,19.555555555555557,698,psychic,,https://raw.githubusercontent.com/PokeAPI/sprites/master/sprites/pokemon/576.png
577,Solosis,58,0.3,1.0,11.11111111111111,699,psychic,,https://raw.githubusercontent.com/PokeAPI/sprites/master/sprites/pokemon/577.png
578,Duosion,130,0.6,8.0,22.22222222222222,700,psychic,,https://raw.githubusercontent.com/PokeAPI/sprites/master/sprites/pokemon/578.png
579,Reuniclus,245,1.0,20.1,20.1,701,psychic,,https://raw.githubusercontent.com/PokeAPI/sprites/master/sprites/pokemon/579.png
580,Ducklett,61,0.5,5.5,22.0,702,water,flying,https://raw.githubusercontent.com/PokeAPI/sprites/master/sprites/pokemon/580.png
581,Swanna,166,1.3,24.2,14.319526627218933,703,water,flying,https://raw.githubusercontent.com/PokeAPI/sprites/master/sprites/pokemon/581.png
582,Vanillite,61,0.4,5.7,35.62499999999999,704,ice,,https://raw.githubusercontent.com/PokeAPI/sprites/master/sprites/pokemon/582.png
583,Vanillish,138,1.1,41.0,33.88429752066115,705,ice,,https://raw.githubusercontent.com/PokeAPI/sprites/master/sprites/pokemon/583.png
584,Vanilluxe,268,1.3,57.5,34.02366863905325,706,ice,,https://raw.githubusercontent.com/PokeAPI/sprites/master/sprites/pokemon/584.png
585,Deerling,67,0.6,19.5,54.16666666666667,707,normal,grass,https://raw.githubusercontent.com/PokeAPI/sprites/master/sprites/pokemon/585.png
586,Sawsbuck,166,1.9,92.5,25.623268698060944,708,normal,grass,https://raw.githubusercontent.com/PokeAPI/sprites/master/sprites/pokemon/586.png
587,Emolga,150,0.4,5.0,31.249999999999993,709,electric,flying,https://raw.githubusercontent.com/PokeAPI/sprites/master/sprites/pokemon/587.png
588,Karrablast,63,0.5,5.9,23.6,710,bug,,https://raw.githubusercontent.com/PokeAPI/sprites/master/sprites/pokemon/588.png
589,Escavalier,173,1.0,33.0,33.0,711,bug,steel,https://raw.githubusercontent.com/PokeAPI/sprites/master/sprites/pokemon/589.png
590,Foongus,59,0.2,1.0,24.999999999999996,712,grass,poison,https://raw.githubusercontent.com/PokeAPI/sprites/master/sprites/pokemon/590.png
591,Amoonguss,162,0.6,10.5,29.166666666666668,713,grass,poison,https://raw.githubusercontent.com/PokeAPI/sprites/master/sprites/pokemon/591.png
592,Frillish,67,1.2,33.0,22.916666666666668,714,water,ghost,https://raw.githubusercontent.com/PokeAPI/sprites/master/sprites/pokemon/592.png
593,Jellicent,168,2.2,135.0,27.89256198347107,715,water,ghost,https://raw.githubusercontent.com/PokeAPI/sprites/master/sprites/pokemon/593.png
594,Alomomola,165,1.2,31.6,21.944444444444446,716,water,,https://raw.githubusercontent.com/PokeAPI/sprites/master/sprites/pokemon/594.png
595,Joltik,64,0.1,0.6,59.999999999999986,717,bug,electric,https://raw.githubusercontent.com/PokeAPI/sprites/master/sprites/pokemon/595.png
596,Galvantula,165,0.8,14.3,22.343749999999996,718,bug,electric,https://raw.githubusercontent.com/PokeAPI/sprites/master/sprites/pokemon/596.png
597,Ferroseed,61,0.6,18.8,52.22222222222223,719,grass,steel,https://raw.githubusercontent.com/PokeAPI/sprites/master/sprites/pokemon/597.png
598,Ferrothorn,171,1.0,110.0,110.0,720,grass,steel,https://raw.githubusercontent.com/PokeAPI/sprites/master/sprites/pokemon/598.png
599,Klink,60,0.3,21.0,233.33333333333334,721,steel,,https://raw.githubusercontent.com/PokeAPI/sprites/master/sprites/pokemon/599.png
600,Klang,154,0.6,51.0,141.66666666666669,722,steel,,https://raw.githubusercontent.com/PokeAPI/sprites/master/sprites/pokemon/600.png
601,Klinklang,260,0.6,81.0,225.0,723,steel,,https://raw.githubusercontent.com/PokeAPI/sprites/master/sprites/pokemon/601.png
602,Tynamo,55,0.2,0.3,7.499999999999998,724,electric,,https://raw.githubusercontent.com/PokeAPI/sprites/master/sprites/pokemon/602.png
603,Eelektrik,142,1.2,22.0,15.277777777777779,725,electric,,https://raw.githubusercontent.com/PokeAPI/sprites/master/sprites/pokemon/603.png
604,Eelektross,232,2.1,80.5,18.253968253968253,726,electric,,https://raw.githubusercontent.com/PokeAPI/sprites/master/sprites/pokemon/604.png
605,Elgyem,67,0.5,9.0,36.0,727,psychic,,https://raw.githubusercontent.com/PokeAPI/sprites/master/sprites/pokemon/605.png
606,Beheeyem,170,1.0,34.5,34.5,728,psychic,,https://raw.githubusercontent.com/PokeAPI/sprites/master/sprites/pokemon/606.png
607,Litwick,55,0.3,3.1,34.44444444444445,729,ghost,fire,https://raw.githubusercontent.com/PokeAPI/sprites/master/sprites/pokemon/607.png
608,Lampent,130,0.6,13.0,36.111111111111114,730,ghost,fire,https://raw.githubusercontent.com/PokeAPI/sprites/master/sprites/pokemon/608.png
609,Chandelure,260,1.0,34.3,34.3,731,ghost,fire,https://raw.githubusercontent.com/PokeAPI/sprites/master/sprites/pokemon/609.png
610,Axew,64,0.6,18.0,50.0,732,dragon,,https://raw.githubusercontent.com/PokeAPI/sprites/master/sprites/pokemon/610.png
611,Fraxure,144,1.0,36.0,36.0,733,dragon,,https://raw.githubusercontent.com/PokeAPI/sprites/master/sprites/pokemon/611.png
612,Haxorus,270,1.8,105.5,32.56172839506173,734,dragon,,https://raw.githubusercontent.com/PokeAPI/sprites/master/sprites/pokemon/612.png
613,Cubchoo,61,0.5,8.5,34.0,735,ice,,https://raw.githubusercontent.com/PokeAPI/sprites/master/sprites/pokemon/613.png
614,Beartic,177,2.6,260.0,38.46153846153846,736,ice,,https://raw.githubusercontent.com/PokeAPI/sprites/master/sprites/pokemon/614.png
615,Cryogonal,180,1.1,148.0,122.31404958677685,737,ice,,https://raw.githubusercontent.com/PokeAPI/sprites/master/sprites/pokemon/615.png
616,Shelmet,61,0.4,7.7,48.12499999999999,738,bug,,https://raw.githubusercontent.com/PokeAPI/sprites/master/sprites/pokemon/616.png
617,Accelgor,173,0.8,25.3,39.53124999999999,739,bug,,https://raw.githubusercontent.com/PokeAPI/sprites/master/sprites/pokemon/617.png
618,Stunfisk,165,0.7,11.0,22.44897959183674,740,ground,electric,https://raw.githubusercontent.com/PokeAPI/sprites/master/sprites/pokemon/618.png
619,Mienfoo,70,0.9,20.0,24.691358024691358,742,fighting,,https://raw.githubusercontent.com/PokeAPI/sprites/master/sprites/pokemon/619.png
620,Mienshao,179,1.4,35.5,18.112244897959187,743,fighting,,https://raw.githubusercontent.com/PokeAPI/sprites/master/sprites/pokemon/620.png
621,Druddigon,170,1.6,139.0,54.29687499999999,744,dragon,,https://raw.githubusercontent.com/PokeAPI/sprites/master/sprites/pokemon/621.png
622,Golett,61,1.0,92.0,92.0,745,ground,ghost,https://raw.githubusercontent.com/PokeAPI/sprites/master/sprites/pokemon/622.png
623,Golurk,169,2.8,330.0,42.091836734693885,746,ground,ghost,https://raw.githubusercontent.com/PokeAPI/sprites/master/sprites/pokemon/623.png
624,Pawniard,68,0.5,10.2,40.8,747,dark,steel,https://raw.githubusercontent.com/PokeAPI/sprites/master/sprites/pokemon/624.png
625,Bisharp,172,1.6,70.0,27.343749999999996,748,dark,steel,https://raw.githubusercontent.com/PokeAPI/sprites/master/sprites/pokemon/625.png
626,Bouffalant,172,1.6,94.6,36.95312499999999,749,normal,,https://raw.githubusercontent.com/PokeAPI/sprites/master/sprites/pokemon/626.png
627,Rufflet,70,0.5,10.5,42.0,750,normal,flying,https://raw.githubusercontent.com/PokeAPI/sprites/master/sprites/pokemon/627.png
628,Braviary,179,1.5,41.0,18.22222222222222,751,normal,flying,https://raw.githubusercontent.com/PokeAPI/sprites/master/sprites/pokemon/628.png
629,Vullaby,74,0.5,9.0,36.0,752,dark,flying,https://raw.githubusercontent.com/PokeAPI/sprites/master/sprites/pokemon/629.png
630,Mandibuzz,179,1.2,39.5,27.430555555555557,753,dark,flying,https://raw.githubusercontent.com/PokeAPI/sprites/master/sprites/pokemon/630.png
631,Heatmor,169,1.4,58.0,29.59183673469388,754,fire,,https://raw.githubusercontent.com/PokeAPI/sprites/master/sprites/pokemon/631.png
632,Durant,169,0.3,33.0,366.6666666666667,755,bug,steel,https://raw.githubusercontent.com/PokeAPI/sprites/master/sprites/pokemon/632.png
633,Deino,60,0.8,17.3,27.031249999999996,756,dark,dragon,https://raw.githubusercontent.com/PokeAPI/sprites/master/sprites/pokemon/633.png
634,Zweilous,147,1.4,50.0,25.510204081632658,757,dark,dragon,https://raw.githubusercontent.com/PokeAPI/sprites/master/sprites/pokemon/634.png
635,Hydreigon,300,1.8,160.0,49.382716049382715,758,dark,dragon,https://raw.githubusercontent.com/PokeAPI/sprites/master/sprites/pokemon/635.png
636,Larvesta,72,1.1,28.8,23.80165289256198,759,bug,fire,https://raw.githubusercontent.com/PokeAPI/sprites/master/sprites/pokemon/636.png
637,Volcarona,275,1.6,46.0,17.968749999999996,760,bug,fire,https://raw.githubusercontent.com/PokeAPI/sprites/master/sprites/pokemon/637.png
638,Cobalion,290,2.1,250.0,56.68934240362812,761,steel,fighting,https://raw.githubusercontent.com/PokeAPI/sprites/master/sprites/pokemon/638.png
639,Terrakion,290,1.9,260.0,72.02216066481995,762,rock,fighting,https://raw.githubusercontent.com/PokeAPI/sprites/master/sprites/pokemon/639.png
640,Virizion,290,2.0,200.0,50.0,763,grass,fighting,https://raw.githubusercontent.com/PokeAPI/sprites/master/sprites/pokemon/640.png
641,Tornadus-incarnate,290,1.5,63.0,28.0,764,flying,,https://raw.githubusercontent.com/PokeAPI/sprites/master/sprites/pokemon/641.png
642,Thundurus-incarnate,290,1.5,61.0,27.11111111111111,766,electric,flying,https://raw.githubusercontent.com/PokeAPI/sprites/master/sprites/pokemon/642.png
643,Reshiram,340,3.2,330.0,32.22656249999999,768,dragon,fire,https://raw.githubusercontent.com/PokeAPI/sprites/master/sprites/pokemon/643.png
644,Zekrom,340,2.9,345.0,41.02259215219976,769,dragon,electric,https://raw.githubusercontent.com/PokeAPI/sprites/master/sprites/pokemon/644.png
645,Landorus-incarnate,300,1.5,68.0,30.22222222222222,770,ground,flying,https://raw.githubusercontent.com/PokeAPI/sprites/master/sprites/pokemon/645.png
646,Kyurem,330,3.0,325.0,36.111111111111114,772,dragon,ice,https://raw.githubusercontent.com/PokeAPI/sprites/master/sprites/pokemon/646.png
647,Keldeo-ordinary,290,1.4,48.5,24.744897959183678,775,water,fighting,https://raw.githubusercontent.com/PokeAPI/sprites/master/sprites/pokemon/647.png
648,Meloetta-aria,270,0.6,6.5,18.055555555555557,777,normal,psychic,https://raw.githubusercontent.com/PokeAPI/sprites/master/sprites/pokemon/648.png
649,Genesect,300,1.5,82.5,36.666666666666664,779,bug,steel,https://raw.githubusercontent.com/PokeAPI/sprites/master/sprites/pokemon/649.png
10001,Deoxys-attack,270,1.7,60.8,21.038062283737027,515,psychic,,https://raw.githubusercontent.com/PokeAPI/sprites/master/sprites/pokemon/10001.png
10002,Deoxys-defense,270,1.7,60.8,21.038062283737027,516,psychic,,https://raw.githubusercontent.com/PokeAPI/sprites/master/sprites/pokemon/10002.png
10003,Deoxys-speed,270,1.7,60.8,21.038062283737027,517,psychic,,https://raw.githubusercontent.com/PokeAPI/sprites/master/sprites/pokemon/10003.png
10004,Wormadam-sandy,148,0.5,6.5,26.0,543,bug,ground,https://raw.githubusercontent.com/PokeAPI/sprites/master/sprites/pokemon/10004.png
10005,Wormadam-trash,148,0.5,6.5,26.0,544,bug,steel,https://raw.githubusercontent.com/PokeAPI/sprites/master/sprites/pokemon/10005.png
10006,Shaymin-sky,270,0.4,5.2,32.49999999999999,607,grass,flying,https://raw.githubusercontent.com/PokeAPI/sprites/master/sprites/pokemon/10006.png
10007,Giratina-origin,340,6.9,650.0,13.652593992858641,601,ghost,dragon,https://raw.githubusercontent.com/PokeAPI/sprites/master/sprites/pokemon/10007.png
10008,Rotom-heat,182,0.3,0.3,3.3333333333333335,588,electric,fire,https://raw.githubusercontent.com/PokeAPI/sprites/master/sprites/pokemon/10008.png
10009,Rotom-wash,182,0.3,0.3,3.3333333333333335,589,electric,water,https://raw.githubusercontent.com/PokeAPI/sprites/master/sprites/pokemon/10009.png
10010,Rotom-frost,182,0.3,0.3,3.3333333333333335,590,electric,ice,https://raw.githubusercontent.com/PokeAPI/sprites/master/sprites/pokemon/10010.png
10011,Rotom-fan,182,0.3,0.3,3.3333333333333335,591,electric,flying,https://raw.githubusercontent.com/PokeAPI/sprites/master/sprites/pokemon/10011.png
10012,Rotom-mow,182,0.3,0.3,3.3333333333333335,592,electric,grass,https://raw.githubusercontent.com/PokeAPI/sprites/master/sprites/pokemon/10012.png
10013,Castform-sunny,147,0.3,0.8,8.88888888888889,465,fire,,https://raw.githubusercontent.com/PokeAPI/sprites/master/sprites/pokemon/10013.png
10014,Castform-rainy,147,0.3,0.8,8.88888888888889,466,water,,https://raw.githubusercontent.com/PokeAPI/sprites/master/sprites/pokemon/10014.png
10015,Castform-snowy,147,0.3,0.8,8.88888888888889,467,ice,,https://raw.githubusercontent.com/PokeAPI/sprites/master/sprites/pokemon/10015.png
10016,Basculin-blue-striped,161,1.0,18.0,18.0,667,water,,https://raw.githubusercontent.com/PokeAPI/sprites/master/sprites/pokemon/10016.png
10017,Darmanitan-zen,189,1.3,92.9,54.97041420118343,674,fire,psychic,https://raw.githubusercontent.com/PokeAPI/sprites/master/sprites/pokemon/10017.png
10018,Meloetta-pirouette,270,0.6,6.5,18.055555555555557,778,normal,fighting,https://raw.githubusercontent.com/PokeAPI/sprites/master/sprites/pokemon/10018.png
